frame,fg_ratio
0,1.0
1,1.0
2,0.9999164554244238
3,0.9999108280695922
4,0.0167682187777039
5,0.01697296791888298
6,0.016358720495345744
7,0.014519874085771276
8,0.012321742713874113
9,0.013776197501108155
10,0.016040125637189716
11,0.017200659352836878
12,0.01881268007535461
13,0.01910400390625
14,0.019238194675310284
15,0.018434348681294326
16,0.0186321718472961
17,0.017971174091312058
18,0.017801487699468085
19,0.016637490996232268
20,0.016660866162455674
21,0.01910660114694149
22,0.01867459344525709
23,0.018972410377881204
24,0.020019964123448582
25,0.020126883865248225
26,0.01981391636192376
27,0.020288778535017732
28,0.019504411846187942
29,0.019498351617907802
30,0.019491425642730497
31,0.020798270583998225
32,0.020317781056072695
33,0.02055196559175532
34,0.02083203471298759
35,0.021332436419547872
36,0.020722084857047872
37,0.021093057402482268
38,0.02129910516400709
39,0.02153675268727837
40,0.022884720606161348
41,0.02289121370789007
42,0.02268343445257092
43,0.022861345439937942
44,0.023277769697473406
45,0.023935737339317375
46,0.023052675504210994
47,0.022831477171985817
48,0.022886884973404256
49,0.02321024143949468
50,0.023205912705008866
51,0.023775141289893616
52,0.02361238087322695
53,0.023590737200797872
54,0.02342927540447695
55,0.023566496287677305
56,0.023889852753767732
57,0.02412273866910461
58,0.023234049479166668
59,0.02278212959884752
60,0.02274923121675532
61,0.022803340397828015
62,0.02265226756427305
63,0.02284316475509752
64,0.02339810851617908
65,0.02300462655141844
66,0.022705078125
67,0.022506389212101064
68,0.022642311474955674
69,0.02262239929632092
70,0.022742305241578015
71,0.022781263851950354
72,0.02339551127548759
73,0.023166088347739363
74,0.02300765666555851
75,0.022756590065381204
76,0.022889482214095744
77,0.02297086242242908
78,0.023066960328014183
79,0.02321500304742908
80,0.023208509945700354
81,0.02381756288785461
82,0.02378769461990248
83,0.023683372118794326
84,0.023671684535682625
85,0.0236933282081117
86,0.023672117409131204
87,0.02380674105164007
88,0.02411191683289007
89,0.024304112644060284
90,0.024376835383421985
91,0.024646082668439716
92,0.024382462738253546
93,0.024316233100620567
94,0.024258228058510637
95,0.024066465120789006
96,0.024215373587101064
97,0.024291126440602835
98,0.024414495373448582
99,0.024542625914228722
100,0.02493264489140071
101,0.025166829427083332
102,0.02575120858266844
103,0.025272450548537235
104,0.02526076296542553
105,0.02524647814162234
106,0.025200593556072695
107,0.02491100121897163
108,0.025140424146719857
109,0.02543477809175532
110,0.02530491605718085
111,0.025347337655141845
112,0.02558455230496454
113,0.02563736286569149
114,0.025962883699024823
115,0.025666365386746454
116,0.02544603280141844
117,0.024953855690381204
118,0.0248577577847961
119,0.0248906561668883
120,0.02500536763076241
121,0.024927450410017732
122,0.024933943511746454
123,0.0249516913231383
124,0.025302318816489363
125,0.025207086657801418
126,0.025444301307624113
127,0.02561009183843085
128,0.025969809674202128
129,0.025706189744015957
130,0.025410537178634753
131,0.02544386843417553
132,0.02532093237477837
133,0.0253412774268617
134,0.025173322528812058
135,0.02519669769503546
136,0.0254681093472961
137,0.025519621287677305
138,0.025627839649822695
139,0.025791465813386524
140,0.02594773312832447
141,0.026073266428413122
142,0.026011365525265957
143,0.026584057097739363
144,0.026403115996232268
145,0.025967212433510637
146,0.02581007937167553
147,0.025677187222960994
148,0.025839081892730497
149,0.02572913203679078
150,0.025800123282358155
151,0.02551485967974291
152,0.025778046736480497
153,0.02563779573914007
154,0.025745581227836878
155,0.025662036652260637
156,0.025907043024157802
157,0.026026083222517732
158,0.02614772066156915
159,0.026456792303856384
160,0.026977971935948582
161,0.026708291777482268
162,0.026591415946365247
163,0.026626911569148936
164,0.02670569453679078
165,0.026767595439937942
166,0.026659809951241134
167,0.026693141206781915
168,0.026823868988253546
169,0.026821704621010637
170,0.02670006718195922
171,0.02667236328125
172,0.026827331975842198
173,0.02696974734042553
174,0.02687451518173759
175,0.02710263948914007
176,0.02730479138962766
177,0.027377514128989363
178,0.02759611522052305
179,0.027745889433732268
180,0.027817313552748225
181,0.027572740054299646
182,0.02738573872451241
183,0.027181422456781915
184,0.027283580590647165
185,0.027337689771719857
186,0.027142463846409573
187,0.02698273354388298
188,0.027300895528590427
189,0.027230770029920214
190,0.027033812610815604
191,0.02710263948914007
192,0.027336824024822695
193,0.027191811419547872
194,0.027220381067154256
195,0.027502614555629433
196,0.02761819176640071
197,0.027435952044547872
198,0.027472746287677305
199,0.027639835438829786
200,0.027897395140735817
201,0.027714722545434396
202,0.027414741245567375
203,0.02746798467974291
204,0.027440713652482268
205,0.027248517841312058
206,0.02712125304742908
207,0.027080995816710994
208,0.02710263948914007
209,0.026982300670434396
210,0.027099176501551418
211,0.027270594387189716
212,0.027315613225842198
213,0.027137269365026594
214,0.027179258089539006
215,0.027287476451684396
216,0.027511704898049646
217,0.02732773368240248
218,0.027620356133643616
219,0.02771515541888298
220,0.02773550047096631
221,0.02750737616356383
222,0.027742859319592198
223,0.028049766594636524
224,0.02800647924977837
225,0.02746365594525709
226,0.027452401235593973
227,0.027481403756648936
228,0.027347212987588652
229,0.027095280640514183
230,0.027074502714982268
231,0.02696368711214539
232,0.02691130942486702
233,0.02668534948470745
234,0.02676413245234929
235,0.02677538716201241
236,0.026841183926196808
237,0.026889665752437942
238,0.02669400695367908
239,0.02662518007535461
240,0.02698533078457447
241,0.026793134973404256
242,0.02676413245234929
243,0.02661911984707447
244,0.02675807222406915
245,0.02671738211990248
246,0.026718247866799646
247,0.026909145057624113
248,0.027231202903368796
249,0.02736322930518617
250,0.026876679548980497
251,0.02658881870567376
252,0.02639272703346631
253,0.026215248919547872
254,0.02623645971852837
255,0.02605898160460993
256,0.0261957696143617
257,0.025925656582446808
258,0.026010499778368796
259,0.02578756995234929
260,0.02587630900930851
261,0.025776748116134753
262,0.025791465813386524
263,0.025714414339539006
264,0.025778046736480497
265,0.025794928800975177
266,0.02580704925753546
267,0.02562957114361702
268,0.025691039173315604
269,0.02555771415115248
270,0.025817438220301418
271,0.025686277565381204
272,0.025391490746897165
273,0.025440405446586878
274,0.025650349069148936
275,0.025452093029698582
276,0.025195399074689716
277,0.025220938608156027
278,0.025397118101728722
279,0.024945198221409573
280,0.025095838181515957
281,0.024861220772384753
282,0.025001471769725177
283,0.024936107878989363
284,0.02498891843971631
285,0.024784169298537235
286,0.024952124196586878
287,0.024784169298537235
288,0.024759928385416668
289,0.024551283383200354
290,0.024659068871897165
291,0.02443570617242908
292,0.02445258823692376
293,0.024504533050753546
294,0.024617945894281915
295,0.02453050545766844
296,0.024407569398271278
297,0.02440021054964539
298,0.02462270750221631
299,0.024488516733156027
300,0.024441333527260637
301,0.024431810311391845
302,0.02434783286236702
303,0.023927079870345744
304,0.023766050947473406
305,0.02385175989029255
306,0.023937035959663122
307,0.02396993434175532
308,0.023819294381648936
309,0.02390327183067376
310,0.023946992048980497
311,0.02381150265957447
312,0.023654369597739363
313,0.02365696683843085
314,0.02381453277371454
315,0.023640950520833332
316,0.023547449855939716
317,0.02365610109153369
318,0.02367644614361702
319,0.023521910322473406
320,0.02352926917109929
321,0.023592035821143616
322,0.023754796237810284
323,0.023527970550753546
324,0.02352407468971631
325,0.023492474927969857
326,0.02356476479388298
327,0.023507625498670214
328,0.02364614500221631
329,0.023709777399157802
330,0.023744407275044326
331,0.02349853515625
332,0.02357904961768617
333,0.023302010610593973
334,0.023379927831338652
335,0.02319638948914007
336,0.023218466035017732
337,0.023211540059840427
338,0.02317950742464539
339,0.023128861231161348
340,0.023347029449246454
341,0.023305473598182625
342,0.02340113863031915
343,0.023224959136746454
344,0.02318513477947695
345,0.023159595246010637
346,0.02333707335992908
347,0.0232708437222961
348,0.023172581449468085
349,0.02321889890846631
350,0.023289024407136524
351,0.02324357269503546
352,0.023208942819148936
353,0.02329378601507092
354,0.0232660821143617
355,0.023173014322916668
356,0.023222361896054963
357,0.023130592724955674
358,0.023197688109485817
359,0.02324054258089539
360,0.023418886441710994
361,0.023253528784352835
362,0.02327690395057624
363,0.0232989804964539
364,0.023342267841312058
365,0.0233929140347961
366,0.023569959275265957
367,0.023402437250664893
368,0.023443993101728722
369,0.02361800822805851
370,0.023849595523049646
371,0.023680774878102835
372,0.023615843860815604
373,0.023821891622340427
374,0.02392318400930851
375,0.024071226728723406
376,0.02418896830673759
377,0.024288529199911348
378,0.02439155308067376
379,0.024232688525044326
380,0.02428333471852837
381,0.02435865469858156
382,0.024498472822473406
383,0.0242755429964539
384,0.024271647135416668
385,0.024035298232491134
386,0.02413096326462766
387,0.023877299423758866
388,0.023808039671985817
389,0.02378423163231383
390,0.023950022163120567
391,0.023690730967420214
392,0.023592468694592198
393,0.023414124833776594
394,0.023606320644946808
395,0.023482951712101064
396,0.0235149843472961
397,0.023596797429078015
398,0.023671684535682625
399,0.023649607989804963
400,0.023640517647384753
401,0.02358164685837766
402,0.023722763602615247
403,0.02347948872451241
404,0.023392048287898936
405,0.023223227642952128
406,0.023247035682624113
407,0.02295484610483156
408,0.022887317846852835
409,0.022791219941267732
410,0.022725423177083332
411,0.022607248725620567
412,0.022332374085771278
413,0.022134983793218085
414,0.0221722109097961
415,0.022179136884973406
416,0.022189525847739363
417,0.02203931876108156
418,0.022026765431072695
419,0.022015943594858155
420,0.021986941073803192
421,0.0220453789893617
422,0.022143641262189716
423,0.022030228418661348
424,0.02217264378324468
425,0.02203369140625
426,0.022089964954565604
427,0.021879155585106384
428,0.021970924756205674
429,0.02199429992242908
430,0.022342763048537235
431,0.02237219844304078
432,0.022151432984264183
433,0.022066156914893616
434,0.02207265001662234
435,0.021823314910239363
436,0.021847122949911348
437,0.02156488946143617
438,0.021704274711879433
439,0.021521169243129433
440,0.021274431377437942
441,0.02143113156582447
442,0.021617700022163122
443,0.02166445035460993
444,0.021669211962544326
445,0.021534155446586878
446,0.021380485372340427
447,0.021247160350177305
448,0.021238935754654256
449,0.021254952072251775
450,0.02132031596298759
451,0.021240234375
452,0.02119608128324468
453,0.021085698553856384
454,0.02124586172983156
455,0.020935924340647165
456,0.0210406797152039
457,0.021005184092420214
458,0.02089869722406915
459,0.02059135707557624
460,0.02058269960660461
461,0.020270597850177305
462,0.02032773714539007
463,0.01991953748337766
464,0.019989662982047872
465,0.01993295656028369
466,0.019698772024601064
467,0.019565879875886524
468,0.019594016650044326
469,0.01967496398492908
470,0.019596181017287235
471,0.019499650238253546
472,0.019679292719414893
473,0.01976716602947695
474,0.019740760749113476
475,0.01967582973182624
476,0.019747253850842198
477,0.01982257383089539
478,0.01997797539893617
479,0.01988663910128546
