epoch,time,train/box_loss,train/cls_loss,train/l1_loss,train/angle_loss,metrics/precision(B),metrics/recall(B),metrics/mAP50(B),metrics/mAP50-95(B),val/box_loss,val/cls_loss,val/l1_loss,val/angle_loss,lr/pg0,lr/pg1,lr/pg2,lr/pg3,lr/pg4,lr/pg5,lr/pg6,lr/pg7
1,1961.32,0.60548,0.74403,0.00794,0.01871,0.99066,0.9878,0.99447,0.95348,0.42023,0.18533,0.0124,0.00803,0.00999517,0.00333172,0.00999517,0.00333172,0.00999517,0.00333172,0.00999517,0.00333172
2,3746.8,0.48444,0.2431,0.00778,0.01153,0.99325,0.99227,0.99457,0.96229,0.38986,0.15713,0.01233,0.00693,0.0198266,0.00660888,0.0198266,0.00660888,0.0198266,0.00660888,0.0198266,0.00660888
3,5486.31,0.4691,0.22011,0.00757,0.01072,0.99466,0.99319,0.99471,0.96424,0.36662,0.14835,0.01213,0.00582,0.0290998,0.00969992,0.0290998,0.00969992,0.0290998,0.00969992,0.0290998,0.00969992
4,7208.71,0.45135,0.20468,0.00771,0.01063,0.99665,0.99572,0.99481,0.97008,0.34444,0.13428,0.01246,0.00564,0.0280105,0.00933683,0.0280105,0.00933683,0.0280105,0.00933683,0.0280105,0.00933683
5,8932.15,0.43149,0.18885,0.0077,0.00963,0.99625,0.99672,0.9948,0.97614,0.32002,0.1224,0.01212,0.00469,0.0265258,0.00884192,0.0265258,0.00884192,0.0265258,0.00884192,0.0265258,0.00884192
6,10655.5,0.41702,0.17683,0.00754,0.0092,0.99696,0.99757,0.99485,0.9775,0.30082,0.11398,0.01198,0.00425,0.0252076,0.00840254,0.0252076,0.00840254,0.0252076,0.00840254,0.0252076,0.00840254
7,12379.1,0.39024,0.16355,0.00747,0.00833,0.99731,0.99731,0.99488,0.98085,0.28933,0.10986,0.01177,0.00368,0.0232722,0.00775739,0.0232722,0.00775739,0.0232722,0.00775739,0.0232722,0.00775739
8,14096,0.38346,0.15767,0.00752,0.00855,0.99734,0.99758,0.9949,0.98282,0.27239,0.1025,0.01194,0.00343,0.0211152,0.00703839,0.0211152,0.00703839,0.0211152,0.00703839,0.0211152,0.00703839
9,15810.3,0.37931,0.15241,0.00752,0.00907,0.9978,0.99738,0.99492,0.98499,0.26456,0.09799,0.01154,0.00328,0.0187955,0.00626515,0.0187955,0.00626515,0.0187955,0.00626515,0.0187955,0.00626515
10,17524.9,0.36727,0.14573,0.0074,0.0084,0.99715,0.99881,0.99492,0.98641,0.25439,0.093,0.01175,0.00297,0.0163763,0.00545877,0.0163763,0.00545877,0.0163763,0.00545877,0.0163763,0.00545877
11,19237.1,0.35072,0.13879,0.00748,0.00782,0.99712,0.99907,0.99492,0.98679,0.25046,0.09194,0.012,0.00284,0.0139237,0.00464123,0.0139237,0.00464123,0.0139237,0.00464123,0.0139237,0.00464123
12,20954.6,0.33422,0.13223,0.00749,0.00691,0.9984,0.99762,0.99494,0.98807,0.24099,0.08623,0.01198,0.00269,0.0115045,0.00383485,0.0115045,0.00383485,0.0115045,0.00383485,0.0115045,0.00383485
13,22672.3,0.31323,0.12396,0.00734,0.00579,0.99815,0.9987,0.99494,0.98903,0.2311,0.08498,0.01197,0.00244,0.00918482,0.00306161,0.00918482,0.00306161,0.00918482,0.00306161,0.00918482,0.00306161
14,24388.6,0.29473,0.11785,0.00744,0.00495,0.99841,0.99873,0.99496,0.98984,0.2238,0.08055,0.01196,0.00223,0.00702782,0.00234261,0.00702782,0.00234261,0.00702782,0.00234261,0.00702782,0.00234261
15,26057.4,0.25694,0.09968,0.00841,0.00316,0.99841,0.99844,0.99496,0.99024,0.22461,0.08226,0.01204,0.00219,0.00509237,0.00169746,0.00509237,0.00169746,0.00509237,0.00169746,0.00509237,0.00169746
16,27720.9,0.24344,0.09285,0.0084,0.00275,0.99841,0.99914,0.99496,0.99063,0.21596,0.07857,0.01188,0.00204,0.00343126,0.00114375,0.00343126,0.00114375,0.00343126,0.00114375,0.00343126,0.00114375
17,29384.6,0.23526,0.08869,0.00838,0.00253,0.99864,0.99889,0.99496,0.99089,0.21398,0.07659,0.0119,0.00195,0.00208981,0.000696605,0.00208981,0.000696605,0.00208981,0.000696605,0.00208981,0.000696605
18,31047.8,0.23107,0.08595,0.00827,0.00244,0.99816,0.99915,0.99495,0.9908,0.21238,0.07495,0.01181,0.00202,0.00110461,0.000368205,0.00110461,0.000368205,0.00110461,0.000368205,0.00110461,0.000368205
19,32422.7,0.22798,0.08369,0.00839,0.00245,0.99832,0.99921,0.99496,0.99086,0.21039,0.07422,0.01178,0.00196,0.000502535,0.000167512,0.000502535,0.000167512,0.000502535,0.000167512,0.000502535,0.000167512
