epoch,time,train/box_loss,train/cls_loss,train/l1_loss,train/angle_loss,metrics/precision(B),metrics/recall(B),metrics/mAP50(B),metrics/mAP50-95(B),val/box_loss,val/cls_loss,val/l1_loss,val/angle_loss,lr/pg0,lr/pg1,lr/pg2
1,46.4588,1.2085,6.57186,0.02016,0.08855,0.15815,0.03549,0.02909,0.02553,1.25633,4.69095,0.01277,0.12603,0.000160714,0.000160714,0.0680179
2,77.6476,1.02199,2.70631,0.02047,0.07644,0.20344,0.40006,0.1334,0.10203,1.11881,3.04176,0.01359,0.07845,0.000327325,0.000327325,0.0348511
3,107.273,0.97908,2.0007,0.01861,0.07072,0.27558,0.39917,0.23139,0.17705,1.01465,3.02307,0.01349,0.086,0.000493712,0.000493712,0.00168419
4,137.792,0.96863,1.81208,0.01962,0.07386,0.36604,0.31403,0.25525,0.19905,0.9706,2.37878,0.01301,0.09039,0.000499237,0.000499237,0.000499237
5,167.209,0.88502,1.46806,0.02039,0.05847,0.36023,0.28286,0.23342,0.17941,0.99951,2.37901,0.01336,0.09578,0.000498644,0.000498644,0.000498644
6,196.009,0.85206,1.30579,0.01912,0.0634,0.3891,0.2848,0.22139,0.16592,0.98662,2.28053,0.01324,0.11234,0.000497883,0.000497883,0.000497883
7,224.727,0.823,1.18985,0.01952,0.04851,0.26697,0.27607,0.21853,0.16525,0.96129,2.23887,0.0134,0.09015,0.000496953,0.000496953,0.000496953
8,253.983,0.85533,1.06888,0.01841,0.06017,0.33738,0.32877,0.24681,0.18658,0.97261,2.13648,0.01293,0.08228,0.000495856,0.000495856,0.000495856
9,282.937,0.81431,0.92847,0.01706,0.04707,0.45456,0.28478,0.23672,0.18457,0.97746,2.08507,0.01304,0.084,0.000494592,0.000494592,0.000494592
10,311.917,0.78775,0.8657,0.01747,0.0445,0.24291,0.30401,0.20366,0.16099,0.97965,2.29394,0.01294,0.0904,0.000493162,0.000493162,0.000493162
11,340.971,0.78094,0.85345,0.01773,0.04492,0.37302,0.35803,0.21116,0.16018,0.96715,2.24056,0.01271,0.074,0.000491567,0.000491567,0.000491567
12,370.038,0.71648,0.75102,0.0197,0.03575,0.23672,0.40802,0.23606,0.18686,0.99154,2.2507,0.01271,0.07928,0.000489808,0.000489808,0.000489808
13,399.213,0.74509,0.76001,0.01846,0.04309,0.35338,0.27971,0.21483,0.16612,0.99869,2.43234,0.01306,0.07914,0.000487886,0.000487886,0.000487886
14,428.159,0.70909,0.72936,0.01902,0.03997,0.37047,0.32707,0.24248,0.18541,1.00875,2.19097,0.01264,0.08556,0.000485804,0.000485804,0.000485804
15,457.063,0.72484,0.70599,0.01833,0.03932,0.46045,0.27055,0.23816,0.1837,0.98246,2.25483,0.01288,0.10052,0.000483561,0.000483561,0.000483561
16,486.041,0.76246,0.70129,0.01801,0.04744,0.36009,0.26586,0.22522,0.17228,0.98512,2.28363,0.01281,0.07491,0.00048116,0.00048116,0.00048116
17,515.209,0.72921,0.66229,0.01814,0.04414,0.21247,0.32607,0.19637,0.15022,0.9711,2.35464,0.01307,0.07702,0.000478603,0.000478603,0.000478603
18,544.11,0.67281,0.61525,0.01985,0.04351,0.38966,0.30946,0.21084,0.16244,1.00739,2.26581,0.01311,0.08999,0.00047589,0.00047589,0.00047589
19,573.097,0.7162,0.66575,0.01804,0.04836,0.38679,0.28046,0.20604,0.15805,0.98443,2.28883,0.01299,0.09025,0.000473024,0.000473024,0.000473024
20,602.075,0.69479,0.65613,0.01843,0.0435,0.2562,0.28799,0.21506,0.16662,0.98024,2.19933,0.01286,0.07938,0.000470007,0.000470007,0.000470007
21,631.094,0.70194,0.60484,0.01799,0.04329,0.28905,0.26214,0.21507,0.16714,0.99749,2.31263,0.01283,0.07782,0.000466841,0.000466841,0.000466841
22,660.03,0.68322,0.57872,0.01805,0.03969,0.3885,0.29886,0.24209,0.18584,0.98399,2.22012,0.01286,0.09221,0.000463528,0.000463528,0.000463528
23,689.041,0.6439,0.55192,0.01835,0.03477,0.35702,0.24878,0.21196,0.1637,0.99652,2.44611,0.01287,0.08677,0.000460071,0.000460071,0.000460071
24,717.936,0.63783,0.57226,0.0191,0.03119,0.30372,0.30208,0.23108,0.17824,1.02895,2.37925,0.01286,0.09729,0.000456471,0.000456471,0.000456471
25,746.874,0.61679,0.51154,0.01779,0.02704,0.44375,0.25867,0.23637,0.18111,0.98504,2.31072,0.0127,0.08399,0.000452732,0.000452732,0.000452732
26,775.905,0.62383,0.53303,0.01814,0.0312,0.45938,0.26303,0.25009,0.19392,0.99856,2.31198,0.0128,0.08623,0.000448855,0.000448855,0.000448855
27,804.833,0.63799,0.54215,0.01881,0.03386,0.27405,0.29045,0.23335,0.18267,0.9845,2.37973,0.01256,0.08172,0.000444844,0.000444844,0.000444844
28,833.548,0.59801,0.50441,0.01708,0.02902,0.3762,0.26924,0.22248,0.17325,0.98696,2.45133,0.01227,0.08381,0.0004407,0.0004407,0.0004407
29,862.408,0.5887,0.5062,0.0182,0.03398,0.4213,0.31649,0.27364,0.2073,1.0007,2.46519,0.01268,0.07932,0.000436428,0.000436428,0.000436428
30,891.942,0.65559,0.49569,0.01589,0.0368,0.30281,0.24126,0.20399,0.15757,1.01148,2.32235,0.01249,0.07633,0.00043203,0.00043203,0.00043203
31,920.89,0.60895,0.47833,0.0169,0.03028,0.45074,0.22089,0.21712,0.1693,1.01189,2.2935,0.01298,0.07979,0.000427509,0.000427509,0.000427509
32,949.778,0.61597,0.51687,0.01796,0.03037,0.34553,0.27211,0.19601,0.14742,1.01289,2.38974,0.01315,0.07703,0.000422868,0.000422868,0.000422868
33,978.935,0.5617,0.43002,0.01873,0.0259,0.52038,0.22995,0.18155,0.14091,1.01258,2.65694,0.01268,0.07797,0.00041811,0.00041811,0.00041811
34,1008.03,0.57635,0.44613,0.019,0.02712,0.40577,0.2186,0.18406,0.14758,0.97985,2.63187,0.01245,0.08011,0.000413238,0.000413238,0.000413238
35,1037.07,0.54375,0.41135,0.01857,0.0268,0.46152,0.29148,0.22743,0.1726,1.00034,2.46601,0.01302,0.08692,0.000408257,0.000408257,0.000408257
36,1066.04,0.58138,0.45929,0.01787,0.03009,0.29423,0.31807,0.21881,0.17085,0.99863,2.47508,0.01311,0.08374,0.000403168,0.000403168,0.000403168
37,1094.96,0.54447,0.4225,0.01763,0.02652,0.40121,0.27237,0.21758,0.16932,0.99051,2.4661,0.01297,0.0765,0.000397977,0.000397977,0.000397977
38,1123.85,0.5669,0.42833,0.01724,0.02711,0.49708,0.26037,0.21405,0.16516,0.97785,2.30362,0.0132,0.08121,0.000392686,0.000392686,0.000392686
39,1152.83,0.55158,0.40912,0.01642,0.02289,0.41395,0.28019,0.24145,0.18872,1.00283,2.18477,0.01343,0.07717,0.000387298,0.000387298,0.000387298
40,1181.59,0.54754,0.38749,0.01735,0.02511,0.4223,0.28624,0.235,0.18681,1.00889,2.39034,0.01321,0.08007,0.000381818,0.000381818,0.000381818
41,1210.34,0.55684,0.40648,0.01708,0.02556,0.24262,0.32172,0.21192,0.16696,0.99084,2.46574,0.01332,0.08559,0.00037625,0.00037625,0.00037625
42,1239.27,0.51568,0.38121,0.01801,0.01847,0.39183,0.2839,0.22733,0.17624,0.99827,2.41339,0.01333,0.08903,0.000370597,0.000370597,0.000370597
43,1268.4,0.51822,0.36908,0.01766,0.01949,0.3672,0.27861,0.23759,0.18388,1.01121,2.40131,0.01337,0.07714,0.000364863,0.000364863,0.000364863
44,1297.37,0.50137,0.37236,0.01839,0.02465,0.33128,0.25425,0.21556,0.17122,1.01312,2.35848,0.01359,0.07745,0.000359051,0.000359051,0.000359051
45,1326.17,0.54471,0.40696,0.01775,0.02616,0.48637,0.24781,0.206,0.16289,0.99851,2.50327,0.01341,0.08253,0.000353167,0.000353167,0.000353167
46,1355.08,0.46092,0.36003,0.0181,0.01852,0.34045,0.29161,0.20655,0.16251,1.0003,2.49116,0.01327,0.08988,0.000347214,0.000347214,0.000347214
47,1384.07,0.50149,0.35019,0.01721,0.02593,0.3794,0.26838,0.22301,0.1771,0.99087,2.41561,0.0132,0.08058,0.000341196,0.000341196,0.000341196
48,1412.82,0.4878,0.34258,0.01759,0.01992,0.27929,0.30603,0.21899,0.17314,0.97935,2.44438,0.01322,0.09507,0.000335117,0.000335117,0.000335117
49,1441.75,0.50493,0.36501,0.01791,0.02045,0.3176,0.28871,0.21183,0.16561,0.98853,2.52365,0.01312,0.08726,0.000328982,0.000328982,0.000328982
50,1470.69,0.50541,0.34888,0.01574,0.02389,0.46335,0.23462,0.19976,0.15624,0.98192,2.57823,0.01319,0.09062,0.000322794,0.000322794,0.000322794
51,1499.49,0.4783,0.34244,0.01749,0.01902,0.42708,0.29805,0.20781,0.16118,0.97547,2.50194,0.01319,0.08091,0.000316558,0.000316558,0.000316558
52,1528.47,0.49088,0.34354,0.01939,0.02032,0.24135,0.341,0.20614,0.16109,0.9805,2.48054,0.01328,0.08029,0.000310278,0.000310278,0.000310278
53,1557.21,0.45911,0.3214,0.01789,0.0195,0.22779,0.33334,0.20062,0.15765,0.97836,2.49146,0.01321,0.07538,0.000303958,0.000303958,0.000303958
54,1585.99,0.47203,0.32837,0.01661,0.01946,0.36455,0.23409,0.19455,0.15274,1.00332,2.54768,0.01335,0.08098,0.000297603,0.000297603,0.000297603
55,1614.75,0.47288,0.33167,0.01827,0.01749,0.40555,0.27464,0.22017,0.17354,1.01196,2.4745,0.01353,0.08038,0.000291218,0.000291218,0.000291218
56,1643.43,0.44075,0.31292,0.01634,0.01835,0.47451,0.26205,0.20367,0.15839,0.98413,2.45828,0.01321,0.08353,0.000284805,0.000284805,0.000284805
57,1672.14,0.47709,0.33012,0.01794,0.01817,0.45059,0.26181,0.20763,0.16025,0.98304,2.47159,0.01323,0.08456,0.000278371,0.000278371,0.000278371
58,1700.9,0.45579,0.30754,0.0179,0.01992,0.44093,0.24952,0.19501,0.1507,1.00715,2.53588,0.01344,0.08388,0.000271919,0.000271919,0.000271919
59,1730.08,0.45427,0.29053,0.01676,0.01869,0.47731,0.23513,0.2109,0.16423,1.01196,2.54255,0.01343,0.08349,0.000265453,0.000265453,0.000265453
60,1758.9,0.46624,0.30131,0.01746,0.0207,0.47375,0.24548,0.22467,0.17265,1.00857,2.56186,0.01348,0.08437,0.000258979,0.000258979,0.000258979
61,1787.86,0.45995,0.30018,0.0172,0.01717,0.4149,0.25351,0.21938,0.17059,1.00667,2.55412,0.01353,0.08962,0.0002525,0.0002525,0.0002525
62,1816.64,0.45574,0.3052,0.01758,0.01676,0.4211,0.24043,0.20799,0.16273,0.99803,2.60644,0.01355,0.0843,0.000246021,0.000246021,0.000246021
63,1845.45,0.44915,0.29428,0.01572,0.0159,0.47051,0.22865,0.20569,0.16033,0.9965,2.56525,0.01364,0.08237,0.000239547,0.000239547,0.000239547
64,1874.66,0.44872,0.29982,0.01741,0.01675,0.47568,0.24368,0.20328,0.1594,0.99121,2.51375,0.01362,0.08479,0.000233081,0.000233081,0.000233081
65,1903.63,0.44182,0.29624,0.01796,0.01751,0.28991,0.26092,0.20468,0.16131,0.98516,2.53188,0.01359,0.07742,0.000226629,0.000226629,0.000226629
66,1932.45,0.41506,0.28172,0.01807,0.01407,0.37352,0.2339,0.18746,0.15016,0.98123,2.63856,0.01364,0.07718,0.000220195,0.000220195,0.000220195
67,1961.18,0.4074,0.27286,0.01926,0.016,0.37445,0.23394,0.18529,0.14744,0.9739,2.58524,0.01363,0.08558,0.000213782,0.000213782,0.000213782
68,1989.91,0.44277,0.28107,0.01739,0.01604,0.36905,0.24059,0.19137,0.15046,0.97609,2.59924,0.01359,0.08692,0.000207397,0.000207397,0.000207397
69,2018.65,0.4254,0.26848,0.01672,0.01767,0.35397,0.26374,0.19238,0.14999,0.98535,2.58542,0.01354,0.08714,0.000201042,0.000201042,0.000201042
