a,b,type,cosine,a_file,b_file,a_score,b_score
Rickshaw_00,Rickshaw_01,R-R,0.3540,DJI_0103_frame_0004.png,DJI_0103_frame_0065.png,0.9121,0.9106
Rickshaw_00,Rickshaw_02,R-R,0.3968,DJI_0103_frame_0004.png,DJI_0103_frame_0090.png,0.9121,0.938
Rickshaw_00,Rickshaw_03,R-R,0.5426,DJI_0103_frame_0004.png,DJI_0103_frame_0090.png,0.9121,0.9312
Rickshaw_00,Rickshaw_04,R-R,0.6940,DJI_0103_frame_0004.png,DJI_0103_frame_0057.png,0.9121,0.9214
Rickshaw_00,Rickshaw_05,R-R,0.3586,DJI_0103_frame_0004.png,DJI_0103_frame_0053.png,0.9121,0.9028
Rickshaw_00,Rickshaw_06,R-R,0.6884,DJI_0103_frame_0004.png,DJI_0103_frame_0094.png,0.9121,0.917
Rickshaw_00,Rickshaw_07,R-R,0.5460,DJI_0103_frame_0004.png,DJI_0103_frame_0055.png,0.9121,0.9404
Rickshaw_00,Rickshaw_08,R-R,0.6317,DJI_0103_frame_0004.png,DJI_0103_frame_0036.png,0.9121,0.9062
Rickshaw_00,Rickshaw_09,R-R,0.6437,DJI_0103_frame_0004.png,DJI_0103_frame_0090.png,0.9121,0.9048
Rickshaw_00,Rickshaw_10,R-R,0.3165,DJI_0103_frame_0004.png,DJI_0103_frame_0005.png,0.9121,0.9077
Rickshaw_00,Rickshaw_11,R-R,0.5518,DJI_0103_frame_0004.png,DJI_0103_frame_0005.png,0.9121,0.9053
Rickshaw_00,Rickshaw_12,R-R,0.2874,DJI_0103_frame_0004.png,DJI_0403_merged_frame_0094.png,0.9121,0.9033
Rickshaw_00,Rickshaw_13,R-R,0.3642,DJI_0103_frame_0004.png,DJI_0102_frame_0027.png,0.9121,0.9346
Rickshaw_00,Rickshaw_14,R-R,0.5219,DJI_0103_frame_0004.png,DJI_0102_frame_0027.png,0.9121,0.9448
Rickshaw_00,Rickshaw_15,R-R,0.6285,DJI_0103_frame_0004.png,DJI_0103_frame_0090.png,0.9121,0.9229
Rickshaw_00,Rickshaw_16,R-R,0.5343,DJI_0103_frame_0004.png,DJI_0102_frame_0004.png,0.9121,0.9189
Rickshaw_00,Rickshaw_17,R-R,0.5957,DJI_0103_frame_0004.png,DJI_0103_frame_0034.png,0.9121,0.9106
Rickshaw_00,Rickshaw_18,R-R,0.5028,DJI_0103_frame_0004.png,DJI_0103_frame_0089.png,0.9121,0.9321
Rickshaw_00,Rickshaw_19,R-R,0.5156,DJI_0103_frame_0004.png,DJI_0103_frame_0004.png,0.9121,0.9111
Rickshaw_00,Motorcycle_00,R-M,0.5368,DJI_0103_frame_0004.png,DJI_0103_frame_0080.png,0.9121,0.915
Rickshaw_00,Motorcycle_01,R-M,0.5919,DJI_0103_frame_0004.png,DJI_0103_frame_0091.png,0.9121,0.9204
Rickshaw_00,Motorcycle_02,R-M,0.6143,DJI_0103_frame_0004.png,DJI_0103_frame_0088.png,0.9121,0.9165
Rickshaw_00,Motorcycle_03,R-M,0.5575,DJI_0103_frame_0004.png,DJI_0103_frame_0041.png,0.9121,0.9077
Rickshaw_00,Motorcycle_04,R-M,0.5272,DJI_0103_frame_0004.png,DJI_0103_frame_0093.png,0.9121,0.9092
Rickshaw_00,Motorcycle_05,R-M,0.5828,DJI_0103_frame_0004.png,DJI_0103_frame_0088.png,0.9121,0.9082
Rickshaw_00,Motorcycle_06,R-M,0.4362,DJI_0103_frame_0004.png,DJI_0102_frame_0027.png,0.9121,0.9102
Rickshaw_00,Motorcycle_07,R-M,0.5470,DJI_0103_frame_0004.png,DJI_0103_frame_0098.png,0.9121,0.9077
Rickshaw_00,Motorcycle_08,R-M,0.4207,DJI_0103_frame_0004.png,DJI_0103_frame_0066.png,0.9121,0.9092
Rickshaw_00,Motorcycle_09,R-M,0.5126,DJI_0103_frame_0004.png,DJI_0102_frame_0028.png,0.9121,0.9121
Rickshaw_00,Motorcycle_10,R-M,0.5454,DJI_0103_frame_0004.png,DJI_0103_frame_0024.png,0.9121,0.9092
Rickshaw_00,Motorcycle_11,R-M,0.4658,DJI_0103_frame_0004.png,DJI_0103_frame_0087.png,0.9121,0.9131
Rickshaw_00,Motorcycle_12,R-M,0.5281,DJI_0103_frame_0004.png,DJI_0103_frame_0090.png,0.9121,0.9136
Rickshaw_00,Motorcycle_13,R-M,0.5481,DJI_0103_frame_0004.png,DJI_0103_frame_0085.png,0.9121,0.9082
Rickshaw_00,Motorcycle_14,R-M,0.2814,DJI_0103_frame_0004.png,DJI_0103_frame_0069.png,0.9121,0.9087
Rickshaw_00,Motorcycle_15,R-M,0.4901,DJI_0103_frame_0004.png,DJI_0103_frame_0055.png,0.9121,0.9102
Rickshaw_00,Motorcycle_16,R-M,0.5801,DJI_0103_frame_0004.png,DJI_0103_frame_0068.png,0.9121,0.9087
Rickshaw_00,Motorcycle_17,R-M,0.4466,DJI_0103_frame_0004.png,DJI_0103_frame_0042.png,0.9121,0.9097
Rickshaw_00,Motorcycle_18,R-M,0.4603,DJI_0103_frame_0004.png,DJI_0103_frame_0006.png,0.9121,0.9092
Rickshaw_00,Motorcycle_19,R-M,0.5275,DJI_0103_frame_0004.png,DJI_0103_frame_0061.png,0.9121,0.9082
Rickshaw_01,Rickshaw_02,R-R,0.3324,DJI_0103_frame_0065.png,DJI_0103_frame_0090.png,0.9106,0.938
Rickshaw_01,Rickshaw_03,R-R,0.3046,DJI_0103_frame_0065.png,DJI_0103_frame_0090.png,0.9106,0.9312
Rickshaw_01,Rickshaw_04,R-R,0.3829,DJI_0103_frame_0065.png,DJI_0103_frame_0057.png,0.9106,0.9214
Rickshaw_01,Rickshaw_05,R-R,0.3241,DJI_0103_frame_0065.png,DJI_0103_frame_0053.png,0.9106,0.9028
Rickshaw_01,Rickshaw_06,R-R,0.3476,DJI_0103_frame_0065.png,DJI_0103_frame_0094.png,0.9106,0.917
Rickshaw_01,Rickshaw_07,R-R,0.4130,DJI_0103_frame_0065.png,DJI_0103_frame_0055.png,0.9106,0.9404
Rickshaw_01,Rickshaw_08,R-R,0.5520,DJI_0103_frame_0065.png,DJI_0103_frame_0036.png,0.9106,0.9062
Rickshaw_01,Rickshaw_09,R-R,0.4462,DJI_0103_frame_0065.png,DJI_0103_frame_0090.png,0.9106,0.9048
Rickshaw_01,Rickshaw_10,R-R,0.1688,DJI_0103_frame_0065.png,DJI_0103_frame_0005.png,0.9106,0.9077
Rickshaw_01,Rickshaw_11,R-R,0.4421,DJI_0103_frame_0065.png,DJI_0103_frame_0005.png,0.9106,0.9053
Rickshaw_01,Rickshaw_12,R-R,0.2226,DJI_0103_frame_0065.png,DJI_0403_merged_frame_0094.png,0.9106,0.9033
Rickshaw_01,Rickshaw_13,R-R,0.3236,DJI_0103_frame_0065.png,DJI_0102_frame_0027.png,0.9106,0.9346
Rickshaw_01,Rickshaw_14,R-R,0.3259,DJI_0103_frame_0065.png,DJI_0102_frame_0027.png,0.9106,0.9448
Rickshaw_01,Rickshaw_15,R-R,0.4277,DJI_0103_frame_0065.png,DJI_0103_frame_0090.png,0.9106,0.9229
Rickshaw_01,Rickshaw_16,R-R,0.3792,DJI_0103_frame_0065.png,DJI_0102_frame_0004.png,0.9106,0.9189
Rickshaw_01,Rickshaw_17,R-R,0.3468,DJI_0103_frame_0065.png,DJI_0103_frame_0034.png,0.9106,0.9106
Rickshaw_01,Rickshaw_18,R-R,0.4327,DJI_0103_frame_0065.png,DJI_0103_frame_0089.png,0.9106,0.9321
Rickshaw_01,Rickshaw_19,R-R,0.3978,DJI_0103_frame_0065.png,DJI_0103_frame_0004.png,0.9106,0.9111
Rickshaw_01,Motorcycle_00,R-M,0.3568,DJI_0103_frame_0065.png,DJI_0103_frame_0080.png,0.9106,0.915
Rickshaw_01,Motorcycle_01,R-M,0.3659,DJI_0103_frame_0065.png,DJI_0103_frame_0091.png,0.9106,0.9204
Rickshaw_01,Motorcycle_02,R-M,0.2972,DJI_0103_frame_0065.png,DJI_0103_frame_0088.png,0.9106,0.9165
Rickshaw_01,Motorcycle_03,R-M,0.3911,DJI_0103_frame_0065.png,DJI_0103_frame_0041.png,0.9106,0.9077
Rickshaw_01,Motorcycle_04,R-M,0.4003,DJI_0103_frame_0065.png,DJI_0103_frame_0093.png,0.9106,0.9092
Rickshaw_01,Motorcycle_05,R-M,0.3707,DJI_0103_frame_0065.png,DJI_0103_frame_0088.png,0.9106,0.9082
Rickshaw_01,Motorcycle_06,R-M,0.5745,DJI_0103_frame_0065.png,DJI_0102_frame_0027.png,0.9106,0.9102
Rickshaw_01,Motorcycle_07,R-M,0.3898,DJI_0103_frame_0065.png,DJI_0103_frame_0098.png,0.9106,0.9077
Rickshaw_01,Motorcycle_08,R-M,0.3563,DJI_0103_frame_0065.png,DJI_0103_frame_0066.png,0.9106,0.9092
Rickshaw_01,Motorcycle_09,R-M,0.5569,DJI_0103_frame_0065.png,DJI_0102_frame_0028.png,0.9106,0.9121
Rickshaw_01,Motorcycle_10,R-M,0.3378,DJI_0103_frame_0065.png,DJI_0103_frame_0024.png,0.9106,0.9092
Rickshaw_01,Motorcycle_11,R-M,0.4022,DJI_0103_frame_0065.png,DJI_0103_frame_0087.png,0.9106,0.9131
Rickshaw_01,Motorcycle_12,R-M,0.4317,DJI_0103_frame_0065.png,DJI_0103_frame_0090.png,0.9106,0.9136
Rickshaw_01,Motorcycle_13,R-M,0.3499,DJI_0103_frame_0065.png,DJI_0103_frame_0085.png,0.9106,0.9082
Rickshaw_01,Motorcycle_14,R-M,0.5612,DJI_0103_frame_0065.png,DJI_0103_frame_0069.png,0.9106,0.9087
Rickshaw_01,Motorcycle_15,R-M,0.3783,DJI_0103_frame_0065.png,DJI_0103_frame_0055.png,0.9106,0.9102
Rickshaw_01,Motorcycle_16,R-M,0.2583,DJI_0103_frame_0065.png,DJI_0103_frame_0068.png,0.9106,0.9087
Rickshaw_01,Motorcycle_17,R-M,0.4417,DJI_0103_frame_0065.png,DJI_0103_frame_0042.png,0.9106,0.9097
Rickshaw_01,Motorcycle_18,R-M,0.5376,DJI_0103_frame_0065.png,DJI_0103_frame_0006.png,0.9106,0.9092
Rickshaw_01,Motorcycle_19,R-M,0.3547,DJI_0103_frame_0065.png,DJI_0103_frame_0061.png,0.9106,0.9082
Rickshaw_02,Rickshaw_03,R-R,0.3693,DJI_0103_frame_0090.png,DJI_0103_frame_0090.png,0.938,0.9312
Rickshaw_02,Rickshaw_04,R-R,0.4854,DJI_0103_frame_0090.png,DJI_0103_frame_0057.png,0.938,0.9214
Rickshaw_02,Rickshaw_05,R-R,0.3169,DJI_0103_frame_0090.png,DJI_0103_frame_0053.png,0.938,0.9028
Rickshaw_02,Rickshaw_06,R-R,0.5382,DJI_0103_frame_0090.png,DJI_0103_frame_0094.png,0.938,0.917
Rickshaw_02,Rickshaw_07,R-R,0.6019,DJI_0103_frame_0090.png,DJI_0103_frame_0055.png,0.938,0.9404
Rickshaw_02,Rickshaw_08,R-R,0.4485,DJI_0103_frame_0090.png,DJI_0103_frame_0036.png,0.938,0.9062
Rickshaw_02,Rickshaw_09,R-R,0.5781,DJI_0103_frame_0090.png,DJI_0103_frame_0090.png,0.938,0.9048
Rickshaw_02,Rickshaw_10,R-R,0.4208,DJI_0103_frame_0090.png,DJI_0103_frame_0005.png,0.938,0.9077
Rickshaw_02,Rickshaw_11,R-R,0.4184,DJI_0103_frame_0090.png,DJI_0103_frame_0005.png,0.938,0.9053
Rickshaw_02,Rickshaw_12,R-R,0.6140,DJI_0103_frame_0090.png,DJI_0403_merged_frame_0094.png,0.938,0.9033
Rickshaw_02,Rickshaw_13,R-R,0.3546,DJI_0103_frame_0090.png,DJI_0102_frame_0027.png,0.938,0.9346
Rickshaw_02,Rickshaw_14,R-R,0.5483,DJI_0103_frame_0090.png,DJI_0102_frame_0027.png,0.938,0.9448
Rickshaw_02,Rickshaw_15,R-R,0.5425,DJI_0103_frame_0090.png,DJI_0103_frame_0090.png,0.938,0.9229
Rickshaw_02,Rickshaw_16,R-R,0.4531,DJI_0103_frame_0090.png,DJI_0102_frame_0004.png,0.938,0.9189
Rickshaw_02,Rickshaw_17,R-R,0.6658,DJI_0103_frame_0090.png,DJI_0103_frame_0034.png,0.938,0.9106
Rickshaw_02,Rickshaw_18,R-R,0.4669,DJI_0103_frame_0090.png,DJI_0103_frame_0089.png,0.938,0.9321
Rickshaw_02,Rickshaw_19,R-R,0.4182,DJI_0103_frame_0090.png,DJI_0103_frame_0004.png,0.938,0.9111
Rickshaw_02,Motorcycle_00,R-M,0.3769,DJI_0103_frame_0090.png,DJI_0103_frame_0080.png,0.938,0.915
Rickshaw_02,Motorcycle_01,R-M,0.3533,DJI_0103_frame_0090.png,DJI_0103_frame_0091.png,0.938,0.9204
Rickshaw_02,Motorcycle_02,R-M,0.2935,DJI_0103_frame_0090.png,DJI_0103_frame_0088.png,0.938,0.9165
Rickshaw_02,Motorcycle_03,R-M,0.3196,DJI_0103_frame_0090.png,DJI_0103_frame_0041.png,0.938,0.9077
Rickshaw_02,Motorcycle_04,R-M,0.2749,DJI_0103_frame_0090.png,DJI_0103_frame_0093.png,0.938,0.9092
Rickshaw_02,Motorcycle_05,R-M,0.4304,DJI_0103_frame_0090.png,DJI_0103_frame_0088.png,0.938,0.9082
Rickshaw_02,Motorcycle_06,R-M,0.3489,DJI_0103_frame_0090.png,DJI_0102_frame_0027.png,0.938,0.9102
Rickshaw_02,Motorcycle_07,R-M,0.3030,DJI_0103_frame_0090.png,DJI_0103_frame_0098.png,0.938,0.9077
Rickshaw_02,Motorcycle_08,R-M,0.2967,DJI_0103_frame_0090.png,DJI_0103_frame_0066.png,0.938,0.9092
Rickshaw_02,Motorcycle_09,R-M,0.3688,DJI_0103_frame_0090.png,DJI_0102_frame_0028.png,0.938,0.9121
Rickshaw_02,Motorcycle_10,R-M,0.2560,DJI_0103_frame_0090.png,DJI_0103_frame_0024.png,0.938,0.9092
Rickshaw_02,Motorcycle_11,R-M,0.4168,DJI_0103_frame_0090.png,DJI_0103_frame_0087.png,0.938,0.9131
Rickshaw_02,Motorcycle_12,R-M,0.3936,DJI_0103_frame_0090.png,DJI_0103_frame_0090.png,0.938,0.9136
Rickshaw_02,Motorcycle_13,R-M,0.3450,DJI_0103_frame_0090.png,DJI_0103_frame_0085.png,0.938,0.9082
Rickshaw_02,Motorcycle_14,R-M,0.2734,DJI_0103_frame_0090.png,DJI_0103_frame_0069.png,0.938,0.9087
Rickshaw_02,Motorcycle_15,R-M,0.3462,DJI_0103_frame_0090.png,DJI_0103_frame_0055.png,0.938,0.9102
Rickshaw_02,Motorcycle_16,R-M,0.4722,DJI_0103_frame_0090.png,DJI_0103_frame_0068.png,0.938,0.9087
Rickshaw_02,Motorcycle_17,R-M,0.3007,DJI_0103_frame_0090.png,DJI_0103_frame_0042.png,0.938,0.9097
Rickshaw_02,Motorcycle_18,R-M,0.3247,DJI_0103_frame_0090.png,DJI_0103_frame_0006.png,0.938,0.9092
Rickshaw_02,Motorcycle_19,R-M,0.2736,DJI_0103_frame_0090.png,DJI_0103_frame_0061.png,0.938,0.9082
Rickshaw_03,Rickshaw_04,R-R,0.5147,DJI_0103_frame_0090.png,DJI_0103_frame_0057.png,0.9312,0.9214
Rickshaw_03,Rickshaw_05,R-R,0.3408,DJI_0103_frame_0090.png,DJI_0103_frame_0053.png,0.9312,0.9028
Rickshaw_03,Rickshaw_06,R-R,0.5080,DJI_0103_frame_0090.png,DJI_0103_frame_0094.png,0.9312,0.917
Rickshaw_03,Rickshaw_07,R-R,0.4045,DJI_0103_frame_0090.png,DJI_0103_frame_0055.png,0.9312,0.9404
Rickshaw_03,Rickshaw_08,R-R,0.4508,DJI_0103_frame_0090.png,DJI_0103_frame_0036.png,0.9312,0.9062
Rickshaw_03,Rickshaw_09,R-R,0.6793,DJI_0103_frame_0090.png,DJI_0103_frame_0090.png,0.9312,0.9048
Rickshaw_03,Rickshaw_10,R-R,0.2204,DJI_0103_frame_0090.png,DJI_0103_frame_0005.png,0.9312,0.9077
Rickshaw_03,Rickshaw_11,R-R,0.4234,DJI_0103_frame_0090.png,DJI_0103_frame_0005.png,0.9312,0.9053
Rickshaw_03,Rickshaw_12,R-R,0.2838,DJI_0103_frame_0090.png,DJI_0403_merged_frame_0094.png,0.9312,0.9033
Rickshaw_03,Rickshaw_13,R-R,0.2753,DJI_0103_frame_0090.png,DJI_0102_frame_0027.png,0.9312,0.9346
Rickshaw_03,Rickshaw_14,R-R,0.4084,DJI_0103_frame_0090.png,DJI_0102_frame_0027.png,0.9312,0.9448
Rickshaw_03,Rickshaw_15,R-R,0.6320,DJI_0103_frame_0090.png,DJI_0103_frame_0090.png,0.9312,0.9229
Rickshaw_03,Rickshaw_16,R-R,0.4348,DJI_0103_frame_0090.png,DJI_0102_frame_0004.png,0.9312,0.9189
Rickshaw_03,Rickshaw_17,R-R,0.5293,DJI_0103_frame_0090.png,DJI_0103_frame_0034.png,0.9312,0.9106
Rickshaw_03,Rickshaw_18,R-R,0.6344,DJI_0103_frame_0090.png,DJI_0103_frame_0089.png,0.9312,0.9321
Rickshaw_03,Rickshaw_19,R-R,0.4004,DJI_0103_frame_0090.png,DJI_0103_frame_0004.png,0.9312,0.9111
Rickshaw_03,Motorcycle_00,R-M,0.4226,DJI_0103_frame_0090.png,DJI_0103_frame_0080.png,0.9312,0.915
Rickshaw_03,Motorcycle_01,R-M,0.4566,DJI_0103_frame_0090.png,DJI_0103_frame_0091.png,0.9312,0.9204
Rickshaw_03,Motorcycle_02,R-M,0.4283,DJI_0103_frame_0090.png,DJI_0103_frame_0088.png,0.9312,0.9165
Rickshaw_03,Motorcycle_03,R-M,0.4172,DJI_0103_frame_0090.png,DJI_0103_frame_0041.png,0.9312,0.9077
Rickshaw_03,Motorcycle_04,R-M,0.3249,DJI_0103_frame_0090.png,DJI_0103_frame_0093.png,0.9312,0.9092
Rickshaw_03,Motorcycle_05,R-M,0.4430,DJI_0103_frame_0090.png,DJI_0103_frame_0088.png,0.9312,0.9082
Rickshaw_03,Motorcycle_06,R-M,0.2988,DJI_0103_frame_0090.png,DJI_0102_frame_0027.png,0.9312,0.9102
Rickshaw_03,Motorcycle_07,R-M,0.3737,DJI_0103_frame_0090.png,DJI_0103_frame_0098.png,0.9312,0.9077
Rickshaw_03,Motorcycle_08,R-M,0.2731,DJI_0103_frame_0090.png,DJI_0103_frame_0066.png,0.9312,0.9092
Rickshaw_03,Motorcycle_09,R-M,0.3244,DJI_0103_frame_0090.png,DJI_0102_frame_0028.png,0.9312,0.9121
Rickshaw_03,Motorcycle_10,R-M,0.3772,DJI_0103_frame_0090.png,DJI_0103_frame_0024.png,0.9312,0.9092
Rickshaw_03,Motorcycle_11,R-M,0.3507,DJI_0103_frame_0090.png,DJI_0103_frame_0087.png,0.9312,0.9131
Rickshaw_03,Motorcycle_12,R-M,0.4167,DJI_0103_frame_0090.png,DJI_0103_frame_0090.png,0.9312,0.9136
Rickshaw_03,Motorcycle_13,R-M,0.4592,DJI_0103_frame_0090.png,DJI_0103_frame_0085.png,0.9312,0.9082
Rickshaw_03,Motorcycle_14,R-M,0.1655,DJI_0103_frame_0090.png,DJI_0103_frame_0069.png,0.9312,0.9087
Rickshaw_03,Motorcycle_15,R-M,0.3584,DJI_0103_frame_0090.png,DJI_0103_frame_0055.png,0.9312,0.9102
Rickshaw_03,Motorcycle_16,R-M,0.5643,DJI_0103_frame_0090.png,DJI_0103_frame_0068.png,0.9312,0.9087
Rickshaw_03,Motorcycle_17,R-M,0.3117,DJI_0103_frame_0090.png,DJI_0103_frame_0042.png,0.9312,0.9097
Rickshaw_03,Motorcycle_18,R-M,0.3393,DJI_0103_frame_0090.png,DJI_0103_frame_0006.png,0.9312,0.9092
Rickshaw_03,Motorcycle_19,R-M,0.3548,DJI_0103_frame_0090.png,DJI_0103_frame_0061.png,0.9312,0.9082
Rickshaw_04,Rickshaw_05,R-R,0.4753,DJI_0103_frame_0057.png,DJI_0103_frame_0053.png,0.9214,0.9028
Rickshaw_04,Rickshaw_06,R-R,0.6220,DJI_0103_frame_0057.png,DJI_0103_frame_0094.png,0.9214,0.917
Rickshaw_04,Rickshaw_07,R-R,0.6140,DJI_0103_frame_0057.png,DJI_0103_frame_0055.png,0.9214,0.9404
Rickshaw_04,Rickshaw_08,R-R,0.6446,DJI_0103_frame_0057.png,DJI_0103_frame_0036.png,0.9214,0.9062
Rickshaw_04,Rickshaw_09,R-R,0.6256,DJI_0103_frame_0057.png,DJI_0103_frame_0090.png,0.9214,0.9048
Rickshaw_04,Rickshaw_10,R-R,0.2756,DJI_0103_frame_0057.png,DJI_0103_frame_0005.png,0.9214,0.9077
Rickshaw_04,Rickshaw_11,R-R,0.6656,DJI_0103_frame_0057.png,DJI_0103_frame_0005.png,0.9214,0.9053
Rickshaw_04,Rickshaw_12,R-R,0.3375,DJI_0103_frame_0057.png,DJI_0403_merged_frame_0094.png,0.9214,0.9033
Rickshaw_04,Rickshaw_13,R-R,0.4026,DJI_0103_frame_0057.png,DJI_0102_frame_0027.png,0.9214,0.9346
Rickshaw_04,Rickshaw_14,R-R,0.4626,DJI_0103_frame_0057.png,DJI_0102_frame_0027.png,0.9214,0.9448
Rickshaw_04,Rickshaw_15,R-R,0.5920,DJI_0103_frame_0057.png,DJI_0103_frame_0090.png,0.9214,0.9229
Rickshaw_04,Rickshaw_16,R-R,0.6624,DJI_0103_frame_0057.png,DJI_0102_frame_0004.png,0.9214,0.9189
Rickshaw_04,Rickshaw_17,R-R,0.5694,DJI_0103_frame_0057.png,DJI_0103_frame_0034.png,0.9214,0.9106
Rickshaw_04,Rickshaw_18,R-R,0.6458,DJI_0103_frame_0057.png,DJI_0103_frame_0089.png,0.9214,0.9321
Rickshaw_04,Rickshaw_19,R-R,0.6448,DJI_0103_frame_0057.png,DJI_0103_frame_0004.png,0.9214,0.9111
Rickshaw_04,Motorcycle_00,R-M,0.5345,DJI_0103_frame_0057.png,DJI_0103_frame_0080.png,0.9214,0.915
Rickshaw_04,Motorcycle_01,R-M,0.5166,DJI_0103_frame_0057.png,DJI_0103_frame_0091.png,0.9214,0.9204
Rickshaw_04,Motorcycle_02,R-M,0.5029,DJI_0103_frame_0057.png,DJI_0103_frame_0088.png,0.9214,0.9165
Rickshaw_04,Motorcycle_03,R-M,0.5498,DJI_0103_frame_0057.png,DJI_0103_frame_0041.png,0.9214,0.9077
Rickshaw_04,Motorcycle_04,R-M,0.5286,DJI_0103_frame_0057.png,DJI_0103_frame_0093.png,0.9214,0.9092
Rickshaw_04,Motorcycle_05,R-M,0.5145,DJI_0103_frame_0057.png,DJI_0103_frame_0088.png,0.9214,0.9082
Rickshaw_04,Motorcycle_06,R-M,0.4430,DJI_0103_frame_0057.png,DJI_0102_frame_0027.png,0.9214,0.9102
Rickshaw_04,Motorcycle_07,R-M,0.5279,DJI_0103_frame_0057.png,DJI_0103_frame_0098.png,0.9214,0.9077
Rickshaw_04,Motorcycle_08,R-M,0.4155,DJI_0103_frame_0057.png,DJI_0103_frame_0066.png,0.9214,0.9092
Rickshaw_04,Motorcycle_09,R-M,0.6045,DJI_0103_frame_0057.png,DJI_0102_frame_0028.png,0.9214,0.9121
Rickshaw_04,Motorcycle_10,R-M,0.4976,DJI_0103_frame_0057.png,DJI_0103_frame_0024.png,0.9214,0.9092
Rickshaw_04,Motorcycle_11,R-M,0.5067,DJI_0103_frame_0057.png,DJI_0103_frame_0087.png,0.9214,0.9131
Rickshaw_04,Motorcycle_12,R-M,0.5176,DJI_0103_frame_0057.png,DJI_0103_frame_0090.png,0.9214,0.9136
Rickshaw_04,Motorcycle_13,R-M,0.5370,DJI_0103_frame_0057.png,DJI_0103_frame_0085.png,0.9214,0.9082
Rickshaw_04,Motorcycle_14,R-M,0.3298,DJI_0103_frame_0057.png,DJI_0103_frame_0069.png,0.9214,0.9087
Rickshaw_04,Motorcycle_15,R-M,0.4750,DJI_0103_frame_0057.png,DJI_0103_frame_0055.png,0.9214,0.9102
Rickshaw_04,Motorcycle_16,R-M,0.5247,DJI_0103_frame_0057.png,DJI_0103_frame_0068.png,0.9214,0.9087
Rickshaw_04,Motorcycle_17,R-M,0.4392,DJI_0103_frame_0057.png,DJI_0103_frame_0042.png,0.9214,0.9097
Rickshaw_04,Motorcycle_18,R-M,0.5219,DJI_0103_frame_0057.png,DJI_0103_frame_0006.png,0.9214,0.9092
Rickshaw_04,Motorcycle_19,R-M,0.5037,DJI_0103_frame_0057.png,DJI_0103_frame_0061.png,0.9214,0.9082
Rickshaw_05,Rickshaw_06,R-R,0.4054,DJI_0103_frame_0053.png,DJI_0103_frame_0094.png,0.9028,0.917
Rickshaw_05,Rickshaw_07,R-R,0.3438,DJI_0103_frame_0053.png,DJI_0103_frame_0055.png,0.9028,0.9404
Rickshaw_05,Rickshaw_08,R-R,0.4807,DJI_0103_frame_0053.png,DJI_0103_frame_0036.png,0.9028,0.9062
Rickshaw_05,Rickshaw_09,R-R,0.3431,DJI_0103_frame_0053.png,DJI_0103_frame_0090.png,0.9028,0.9048
Rickshaw_05,Rickshaw_10,R-R,0.2827,DJI_0103_frame_0053.png,DJI_0103_frame_0005.png,0.9028,0.9077
Rickshaw_05,Rickshaw_11,R-R,0.4770,DJI_0103_frame_0053.png,DJI_0103_frame_0005.png,0.9028,0.9053
Rickshaw_05,Rickshaw_12,R-R,0.2083,DJI_0103_frame_0053.png,DJI_0403_merged_frame_0094.png,0.9028,0.9033
Rickshaw_05,Rickshaw_13,R-R,0.2471,DJI_0103_frame_0053.png,DJI_0102_frame_0027.png,0.9028,0.9346
Rickshaw_05,Rickshaw_14,R-R,0.3152,DJI_0103_frame_0053.png,DJI_0102_frame_0027.png,0.9028,0.9448
Rickshaw_05,Rickshaw_15,R-R,0.3391,DJI_0103_frame_0053.png,DJI_0103_frame_0090.png,0.9028,0.9229
Rickshaw_05,Rickshaw_16,R-R,0.5084,DJI_0103_frame_0053.png,DJI_0102_frame_0004.png,0.9028,0.9189
Rickshaw_05,Rickshaw_17,R-R,0.3286,DJI_0103_frame_0053.png,DJI_0103_frame_0034.png,0.9028,0.9106
Rickshaw_05,Rickshaw_18,R-R,0.3969,DJI_0103_frame_0053.png,DJI_0103_frame_0089.png,0.9028,0.9321
Rickshaw_05,Rickshaw_19,R-R,0.4992,DJI_0103_frame_0053.png,DJI_0103_frame_0004.png,0.9028,0.9111
Rickshaw_05,Motorcycle_00,R-M,0.3212,DJI_0103_frame_0053.png,DJI_0103_frame_0080.png,0.9028,0.915
Rickshaw_05,Motorcycle_01,R-M,0.3155,DJI_0103_frame_0053.png,DJI_0103_frame_0091.png,0.9028,0.9204
Rickshaw_05,Motorcycle_02,R-M,0.3090,DJI_0103_frame_0053.png,DJI_0103_frame_0088.png,0.9028,0.9165
Rickshaw_05,Motorcycle_03,R-M,0.3743,DJI_0103_frame_0053.png,DJI_0103_frame_0041.png,0.9028,0.9077
Rickshaw_05,Motorcycle_04,R-M,0.3813,DJI_0103_frame_0053.png,DJI_0103_frame_0093.png,0.9028,0.9092
Rickshaw_05,Motorcycle_05,R-M,0.3001,DJI_0103_frame_0053.png,DJI_0103_frame_0088.png,0.9028,0.9082
Rickshaw_05,Motorcycle_06,R-M,0.3896,DJI_0103_frame_0053.png,DJI_0102_frame_0027.png,0.9028,0.9102
Rickshaw_05,Motorcycle_07,R-M,0.3645,DJI_0103_frame_0053.png,DJI_0103_frame_0098.png,0.9028,0.9077
Rickshaw_05,Motorcycle_08,R-M,0.2693,DJI_0103_frame_0053.png,DJI_0103_frame_0066.png,0.9028,0.9092
Rickshaw_05,Motorcycle_09,R-M,0.3856,DJI_0103_frame_0053.png,DJI_0102_frame_0028.png,0.9028,0.9121
Rickshaw_05,Motorcycle_10,R-M,0.3352,DJI_0103_frame_0053.png,DJI_0103_frame_0024.png,0.9028,0.9092
Rickshaw_05,Motorcycle_11,R-M,0.3449,DJI_0103_frame_0053.png,DJI_0103_frame_0087.png,0.9028,0.9131
Rickshaw_05,Motorcycle_12,R-M,0.3160,DJI_0103_frame_0053.png,DJI_0103_frame_0090.png,0.9028,0.9136
Rickshaw_05,Motorcycle_13,R-M,0.3061,DJI_0103_frame_0053.png,DJI_0103_frame_0085.png,0.9028,0.9082
Rickshaw_05,Motorcycle_14,R-M,0.2376,DJI_0103_frame_0053.png,DJI_0103_frame_0069.png,0.9028,0.9087
Rickshaw_05,Motorcycle_15,R-M,0.2961,DJI_0103_frame_0053.png,DJI_0103_frame_0055.png,0.9028,0.9102
Rickshaw_05,Motorcycle_16,R-M,0.3170,DJI_0103_frame_0053.png,DJI_0103_frame_0068.png,0.9028,0.9087
Rickshaw_05,Motorcycle_17,R-M,0.2671,DJI_0103_frame_0053.png,DJI_0103_frame_0042.png,0.9028,0.9097
Rickshaw_05,Motorcycle_18,R-M,0.4270,DJI_0103_frame_0053.png,DJI_0103_frame_0006.png,0.9028,0.9092
Rickshaw_05,Motorcycle_19,R-M,0.3545,DJI_0103_frame_0053.png,DJI_0103_frame_0061.png,0.9028,0.9082
Rickshaw_06,Rickshaw_07,R-R,0.6366,DJI_0103_frame_0094.png,DJI_0103_frame_0055.png,0.917,0.9404
Rickshaw_06,Rickshaw_08,R-R,0.5686,DJI_0103_frame_0094.png,DJI_0103_frame_0036.png,0.917,0.9062
Rickshaw_06,Rickshaw_09,R-R,0.6637,DJI_0103_frame_0094.png,DJI_0103_frame_0090.png,0.917,0.9048
Rickshaw_06,Rickshaw_10,R-R,0.3290,DJI_0103_frame_0094.png,DJI_0103_frame_0005.png,0.917,0.9077
Rickshaw_06,Rickshaw_11,R-R,0.5816,DJI_0103_frame_0094.png,DJI_0103_frame_0005.png,0.917,0.9053
Rickshaw_06,Rickshaw_12,R-R,0.2888,DJI_0103_frame_0094.png,DJI_0403_merged_frame_0094.png,0.917,0.9033
Rickshaw_06,Rickshaw_13,R-R,0.3518,DJI_0103_frame_0094.png,DJI_0102_frame_0027.png,0.917,0.9346
Rickshaw_06,Rickshaw_14,R-R,0.5142,DJI_0103_frame_0094.png,DJI_0102_frame_0027.png,0.917,0.9448
Rickshaw_06,Rickshaw_15,R-R,0.5946,DJI_0103_frame_0094.png,DJI_0103_frame_0090.png,0.917,0.9229
Rickshaw_06,Rickshaw_16,R-R,0.6357,DJI_0103_frame_0094.png,DJI_0102_frame_0004.png,0.917,0.9189
Rickshaw_06,Rickshaw_17,R-R,0.5664,DJI_0103_frame_0094.png,DJI_0103_frame_0034.png,0.917,0.9106
Rickshaw_06,Rickshaw_18,R-R,0.4594,DJI_0103_frame_0094.png,DJI_0103_frame_0089.png,0.917,0.9321
Rickshaw_06,Rickshaw_19,R-R,0.5454,DJI_0103_frame_0094.png,DJI_0103_frame_0004.png,0.917,0.9111
Rickshaw_06,Motorcycle_00,R-M,0.4832,DJI_0103_frame_0094.png,DJI_0103_frame_0080.png,0.917,0.915
Rickshaw_06,Motorcycle_01,R-M,0.6122,DJI_0103_frame_0094.png,DJI_0103_frame_0091.png,0.917,0.9204
Rickshaw_06,Motorcycle_02,R-M,0.4756,DJI_0103_frame_0094.png,DJI_0103_frame_0088.png,0.917,0.9165
Rickshaw_06,Motorcycle_03,R-M,0.5028,DJI_0103_frame_0094.png,DJI_0103_frame_0041.png,0.917,0.9077
Rickshaw_06,Motorcycle_04,R-M,0.4570,DJI_0103_frame_0094.png,DJI_0103_frame_0093.png,0.917,0.9092
Rickshaw_06,Motorcycle_05,R-M,0.4945,DJI_0103_frame_0094.png,DJI_0103_frame_0088.png,0.917,0.9082
Rickshaw_06,Motorcycle_06,R-M,0.3945,DJI_0103_frame_0094.png,DJI_0102_frame_0027.png,0.917,0.9102
Rickshaw_06,Motorcycle_07,R-M,0.4795,DJI_0103_frame_0094.png,DJI_0103_frame_0098.png,0.917,0.9077
Rickshaw_06,Motorcycle_08,R-M,0.3786,DJI_0103_frame_0094.png,DJI_0103_frame_0066.png,0.917,0.9092
Rickshaw_06,Motorcycle_09,R-M,0.4568,DJI_0103_frame_0094.png,DJI_0102_frame_0028.png,0.917,0.9121
Rickshaw_06,Motorcycle_10,R-M,0.4551,DJI_0103_frame_0094.png,DJI_0103_frame_0024.png,0.917,0.9092
Rickshaw_06,Motorcycle_11,R-M,0.4663,DJI_0103_frame_0094.png,DJI_0103_frame_0087.png,0.917,0.9131
Rickshaw_06,Motorcycle_12,R-M,0.6138,DJI_0103_frame_0094.png,DJI_0103_frame_0090.png,0.917,0.9136
Rickshaw_06,Motorcycle_13,R-M,0.4794,DJI_0103_frame_0094.png,DJI_0103_frame_0085.png,0.917,0.9082
Rickshaw_06,Motorcycle_14,R-M,0.2692,DJI_0103_frame_0094.png,DJI_0103_frame_0069.png,0.917,0.9087
Rickshaw_06,Motorcycle_15,R-M,0.4496,DJI_0103_frame_0094.png,DJI_0103_frame_0055.png,0.917,0.9102
Rickshaw_06,Motorcycle_16,R-M,0.5188,DJI_0103_frame_0094.png,DJI_0103_frame_0068.png,0.917,0.9087
Rickshaw_06,Motorcycle_17,R-M,0.3791,DJI_0103_frame_0094.png,DJI_0103_frame_0042.png,0.917,0.9097
Rickshaw_06,Motorcycle_18,R-M,0.4342,DJI_0103_frame_0094.png,DJI_0103_frame_0006.png,0.917,0.9092
Rickshaw_06,Motorcycle_19,R-M,0.4471,DJI_0103_frame_0094.png,DJI_0103_frame_0061.png,0.917,0.9082
Rickshaw_07,Rickshaw_08,R-R,0.5827,DJI_0103_frame_0055.png,DJI_0103_frame_0036.png,0.9404,0.9062
Rickshaw_07,Rickshaw_09,R-R,0.5526,DJI_0103_frame_0055.png,DJI_0103_frame_0090.png,0.9404,0.9048
Rickshaw_07,Rickshaw_10,R-R,0.3486,DJI_0103_frame_0055.png,DJI_0103_frame_0005.png,0.9404,0.9077
Rickshaw_07,Rickshaw_11,R-R,0.5538,DJI_0103_frame_0055.png,DJI_0103_frame_0005.png,0.9404,0.9053
Rickshaw_07,Rickshaw_12,R-R,0.3493,DJI_0103_frame_0055.png,DJI_0403_merged_frame_0094.png,0.9404,0.9033
Rickshaw_07,Rickshaw_13,R-R,0.3951,DJI_0103_frame_0055.png,DJI_0102_frame_0027.png,0.9404,0.9346
Rickshaw_07,Rickshaw_14,R-R,0.4728,DJI_0103_frame_0055.png,DJI_0102_frame_0027.png,0.9404,0.9448
Rickshaw_07,Rickshaw_15,R-R,0.5278,DJI_0103_frame_0055.png,DJI_0103_frame_0090.png,0.9404,0.9229
Rickshaw_07,Rickshaw_16,R-R,0.6837,DJI_0103_frame_0055.png,DJI_0102_frame_0004.png,0.9404,0.9189
Rickshaw_07,Rickshaw_17,R-R,0.5257,DJI_0103_frame_0055.png,DJI_0103_frame_0034.png,0.9404,0.9106
Rickshaw_07,Rickshaw_18,R-R,0.5639,DJI_0103_frame_0055.png,DJI_0103_frame_0089.png,0.9404,0.9321
Rickshaw_07,Rickshaw_19,R-R,0.5416,DJI_0103_frame_0055.png,DJI_0103_frame_0004.png,0.9404,0.9111
Rickshaw_07,Motorcycle_00,R-M,0.4122,DJI_0103_frame_0055.png,DJI_0103_frame_0080.png,0.9404,0.915
Rickshaw_07,Motorcycle_01,R-M,0.4358,DJI_0103_frame_0055.png,DJI_0103_frame_0091.png,0.9404,0.9204
Rickshaw_07,Motorcycle_02,R-M,0.3320,DJI_0103_frame_0055.png,DJI_0103_frame_0088.png,0.9404,0.9165
Rickshaw_07,Motorcycle_03,R-M,0.4039,DJI_0103_frame_0055.png,DJI_0103_frame_0041.png,0.9404,0.9077
Rickshaw_07,Motorcycle_04,R-M,0.4391,DJI_0103_frame_0055.png,DJI_0103_frame_0093.png,0.9404,0.9092
Rickshaw_07,Motorcycle_05,R-M,0.4223,DJI_0103_frame_0055.png,DJI_0103_frame_0088.png,0.9404,0.9082
Rickshaw_07,Motorcycle_06,R-M,0.5331,DJI_0103_frame_0055.png,DJI_0102_frame_0027.png,0.9404,0.9102
Rickshaw_07,Motorcycle_07,R-M,0.4040,DJI_0103_frame_0055.png,DJI_0103_frame_0098.png,0.9404,0.9077
Rickshaw_07,Motorcycle_08,R-M,0.3462,DJI_0103_frame_0055.png,DJI_0103_frame_0066.png,0.9404,0.9092
Rickshaw_07,Motorcycle_09,R-M,0.4838,DJI_0103_frame_0055.png,DJI_0102_frame_0028.png,0.9404,0.9121
Rickshaw_07,Motorcycle_10,R-M,0.3544,DJI_0103_frame_0055.png,DJI_0103_frame_0024.png,0.9404,0.9092
Rickshaw_07,Motorcycle_11,R-M,0.4561,DJI_0103_frame_0055.png,DJI_0103_frame_0087.png,0.9404,0.9131
Rickshaw_07,Motorcycle_12,R-M,0.5116,DJI_0103_frame_0055.png,DJI_0103_frame_0090.png,0.9404,0.9136
Rickshaw_07,Motorcycle_13,R-M,0.4070,DJI_0103_frame_0055.png,DJI_0103_frame_0085.png,0.9404,0.9082
Rickshaw_07,Motorcycle_14,R-M,0.3563,DJI_0103_frame_0055.png,DJI_0103_frame_0069.png,0.9404,0.9087
Rickshaw_07,Motorcycle_15,R-M,0.3971,DJI_0103_frame_0055.png,DJI_0103_frame_0055.png,0.9404,0.9102
Rickshaw_07,Motorcycle_16,R-M,0.4097,DJI_0103_frame_0055.png,DJI_0103_frame_0068.png,0.9404,0.9087
Rickshaw_07,Motorcycle_17,R-M,0.4036,DJI_0103_frame_0055.png,DJI_0103_frame_0042.png,0.9404,0.9097
Rickshaw_07,Motorcycle_18,R-M,0.4535,DJI_0103_frame_0055.png,DJI_0103_frame_0006.png,0.9404,0.9092
Rickshaw_07,Motorcycle_19,R-M,0.3838,DJI_0103_frame_0055.png,DJI_0103_frame_0061.png,0.9404,0.9082
Rickshaw_08,Rickshaw_09,R-R,0.5316,DJI_0103_frame_0036.png,DJI_0103_frame_0090.png,0.9062,0.9048
Rickshaw_08,Rickshaw_10,R-R,0.3597,DJI_0103_frame_0036.png,DJI_0103_frame_0005.png,0.9062,0.9077
Rickshaw_08,Rickshaw_11,R-R,0.7522,DJI_0103_frame_0036.png,DJI_0103_frame_0005.png,0.9062,0.9053
Rickshaw_08,Rickshaw_12,R-R,0.3130,DJI_0103_frame_0036.png,DJI_0403_merged_frame_0094.png,0.9062,0.9033
Rickshaw_08,Rickshaw_13,R-R,0.4096,DJI_0103_frame_0036.png,DJI_0102_frame_0027.png,0.9062,0.9346
Rickshaw_08,Rickshaw_14,R-R,0.5472,DJI_0103_frame_0036.png,DJI_0102_frame_0027.png,0.9062,0.9448
Rickshaw_08,Rickshaw_15,R-R,0.6013,DJI_0103_frame_0036.png,DJI_0103_frame_0090.png,0.9062,0.9229
Rickshaw_08,Rickshaw_16,R-R,0.5556,DJI_0103_frame_0036.png,DJI_0102_frame_0004.png,0.9062,0.9189
Rickshaw_08,Rickshaw_17,R-R,0.6138,DJI_0103_frame_0036.png,DJI_0103_frame_0034.png,0.9062,0.9106
Rickshaw_08,Rickshaw_18,R-R,0.5237,DJI_0103_frame_0036.png,DJI_0103_frame_0089.png,0.9062,0.9321
Rickshaw_08,Rickshaw_19,R-R,0.7117,DJI_0103_frame_0036.png,DJI_0103_frame_0004.png,0.9062,0.9111
Rickshaw_08,Motorcycle_00,R-M,0.6123,DJI_0103_frame_0036.png,DJI_0103_frame_0080.png,0.9062,0.915
Rickshaw_08,Motorcycle_01,R-M,0.5426,DJI_0103_frame_0036.png,DJI_0103_frame_0091.png,0.9062,0.9204
Rickshaw_08,Motorcycle_02,R-M,0.5297,DJI_0103_frame_0036.png,DJI_0103_frame_0088.png,0.9062,0.9165
Rickshaw_08,Motorcycle_03,R-M,0.6702,DJI_0103_frame_0036.png,DJI_0103_frame_0041.png,0.9062,0.9077
Rickshaw_08,Motorcycle_04,R-M,0.6706,DJI_0103_frame_0036.png,DJI_0103_frame_0093.png,0.9062,0.9092
Rickshaw_08,Motorcycle_05,R-M,0.5860,DJI_0103_frame_0036.png,DJI_0103_frame_0088.png,0.9062,0.9082
Rickshaw_08,Motorcycle_06,R-M,0.6595,DJI_0103_frame_0036.png,DJI_0102_frame_0027.png,0.9062,0.9102
Rickshaw_08,Motorcycle_07,R-M,0.6494,DJI_0103_frame_0036.png,DJI_0103_frame_0098.png,0.9062,0.9077
Rickshaw_08,Motorcycle_08,R-M,0.5557,DJI_0103_frame_0036.png,DJI_0103_frame_0066.png,0.9062,0.9092
Rickshaw_08,Motorcycle_09,R-M,0.6666,DJI_0103_frame_0036.png,DJI_0102_frame_0028.png,0.9062,0.9121
Rickshaw_08,Motorcycle_10,R-M,0.6028,DJI_0103_frame_0036.png,DJI_0103_frame_0024.png,0.9062,0.9092
Rickshaw_08,Motorcycle_11,R-M,0.6073,DJI_0103_frame_0036.png,DJI_0103_frame_0087.png,0.9062,0.9131
Rickshaw_08,Motorcycle_12,R-M,0.5724,DJI_0103_frame_0036.png,DJI_0103_frame_0090.png,0.9062,0.9136
Rickshaw_08,Motorcycle_13,R-M,0.5730,DJI_0103_frame_0036.png,DJI_0103_frame_0085.png,0.9062,0.9082
Rickshaw_08,Motorcycle_14,R-M,0.5162,DJI_0103_frame_0036.png,DJI_0103_frame_0069.png,0.9062,0.9087
Rickshaw_08,Motorcycle_15,R-M,0.5956,DJI_0103_frame_0036.png,DJI_0103_frame_0055.png,0.9062,0.9102
Rickshaw_08,Motorcycle_16,R-M,0.4796,DJI_0103_frame_0036.png,DJI_0103_frame_0068.png,0.9062,0.9087
Rickshaw_08,Motorcycle_17,R-M,0.5674,DJI_0103_frame_0036.png,DJI_0103_frame_0042.png,0.9062,0.9097
Rickshaw_08,Motorcycle_18,R-M,0.6780,DJI_0103_frame_0036.png,DJI_0103_frame_0006.png,0.9062,0.9092
Rickshaw_08,Motorcycle_19,R-M,0.6353,DJI_0103_frame_0036.png,DJI_0103_frame_0061.png,0.9062,0.9082
Rickshaw_09,Rickshaw_10,R-R,0.2726,DJI_0103_frame_0090.png,DJI_0103_frame_0005.png,0.9048,0.9077
Rickshaw_09,Rickshaw_11,R-R,0.4954,DJI_0103_frame_0090.png,DJI_0103_frame_0005.png,0.9048,0.9053
Rickshaw_09,Rickshaw_12,R-R,0.3921,DJI_0103_frame_0090.png,DJI_0403_merged_frame_0094.png,0.9048,0.9033
Rickshaw_09,Rickshaw_13,R-R,0.3225,DJI_0103_frame_0090.png,DJI_0102_frame_0027.png,0.9048,0.9346
Rickshaw_09,Rickshaw_14,R-R,0.5040,DJI_0103_frame_0090.png,DJI_0102_frame_0027.png,0.9048,0.9448
Rickshaw_09,Rickshaw_15,R-R,0.7005,DJI_0103_frame_0090.png,DJI_0103_frame_0090.png,0.9048,0.9229
Rickshaw_09,Rickshaw_16,R-R,0.5200,DJI_0103_frame_0090.png,DJI_0102_frame_0004.png,0.9048,0.9189
Rickshaw_09,Rickshaw_17,R-R,0.6389,DJI_0103_frame_0090.png,DJI_0103_frame_0034.png,0.9048,0.9106
Rickshaw_09,Rickshaw_18,R-R,0.6338,DJI_0103_frame_0090.png,DJI_0103_frame_0089.png,0.9048,0.9321
Rickshaw_09,Rickshaw_19,R-R,0.4748,DJI_0103_frame_0090.png,DJI_0103_frame_0004.png,0.9048,0.9111
Rickshaw_09,Motorcycle_00,R-M,0.4373,DJI_0103_frame_0090.png,DJI_0103_frame_0080.png,0.9048,0.915
Rickshaw_09,Motorcycle_01,R-M,0.5044,DJI_0103_frame_0090.png,DJI_0103_frame_0091.png,0.9048,0.9204
Rickshaw_09,Motorcycle_02,R-M,0.4015,DJI_0103_frame_0090.png,DJI_0103_frame_0088.png,0.9048,0.9165
Rickshaw_09,Motorcycle_03,R-M,0.4187,DJI_0103_frame_0090.png,DJI_0103_frame_0041.png,0.9048,0.9077
Rickshaw_09,Motorcycle_04,R-M,0.3564,DJI_0103_frame_0090.png,DJI_0103_frame_0093.png,0.9048,0.9092
Rickshaw_09,Motorcycle_05,R-M,0.4789,DJI_0103_frame_0090.png,DJI_0103_frame_0088.png,0.9048,0.9082
Rickshaw_09,Motorcycle_06,R-M,0.3770,DJI_0103_frame_0090.png,DJI_0102_frame_0027.png,0.9048,0.9102
Rickshaw_09,Motorcycle_07,R-M,0.3738,DJI_0103_frame_0090.png,DJI_0103_frame_0098.png,0.9048,0.9077
Rickshaw_09,Motorcycle_08,R-M,0.3036,DJI_0103_frame_0090.png,DJI_0103_frame_0066.png,0.9048,0.9092
Rickshaw_09,Motorcycle_09,R-M,0.4255,DJI_0103_frame_0090.png,DJI_0102_frame_0028.png,0.9048,0.9121
Rickshaw_09,Motorcycle_10,R-M,0.3440,DJI_0103_frame_0090.png,DJI_0103_frame_0024.png,0.9048,0.9092
Rickshaw_09,Motorcycle_11,R-M,0.3933,DJI_0103_frame_0090.png,DJI_0103_frame_0087.png,0.9048,0.9131
Rickshaw_09,Motorcycle_12,R-M,0.4995,DJI_0103_frame_0090.png,DJI_0103_frame_0090.png,0.9048,0.9136
Rickshaw_09,Motorcycle_13,R-M,0.4467,DJI_0103_frame_0090.png,DJI_0103_frame_0085.png,0.9048,0.9082
Rickshaw_09,Motorcycle_14,R-M,0.2435,DJI_0103_frame_0090.png,DJI_0103_frame_0069.png,0.9048,0.9087
Rickshaw_09,Motorcycle_15,R-M,0.3733,DJI_0103_frame_0090.png,DJI_0103_frame_0055.png,0.9048,0.9102
Rickshaw_09,Motorcycle_16,R-M,0.5713,DJI_0103_frame_0090.png,DJI_0103_frame_0068.png,0.9048,0.9087
Rickshaw_09,Motorcycle_17,R-M,0.3501,DJI_0103_frame_0090.png,DJI_0103_frame_0042.png,0.9048,0.9097
Rickshaw_09,Motorcycle_18,R-M,0.3888,DJI_0103_frame_0090.png,DJI_0103_frame_0006.png,0.9048,0.9092
Rickshaw_09,Motorcycle_19,R-M,0.3352,DJI_0103_frame_0090.png,DJI_0103_frame_0061.png,0.9048,0.9082
Rickshaw_10,Rickshaw_11,R-R,0.2571,DJI_0103_frame_0005.png,DJI_0103_frame_0005.png,0.9077,0.9053
Rickshaw_10,Rickshaw_12,R-R,0.4387,DJI_0103_frame_0005.png,DJI_0403_merged_frame_0094.png,0.9077,0.9033
Rickshaw_10,Rickshaw_13,R-R,0.1838,DJI_0103_frame_0005.png,DJI_0102_frame_0027.png,0.9077,0.9346
Rickshaw_10,Rickshaw_14,R-R,0.4985,DJI_0103_frame_0005.png,DJI_0102_frame_0027.png,0.9077,0.9448
Rickshaw_10,Rickshaw_15,R-R,0.2827,DJI_0103_frame_0005.png,DJI_0103_frame_0090.png,0.9077,0.9229
Rickshaw_10,Rickshaw_16,R-R,0.2564,DJI_0103_frame_0005.png,DJI_0102_frame_0004.png,0.9077,0.9189
Rickshaw_10,Rickshaw_17,R-R,0.4369,DJI_0103_frame_0005.png,DJI_0103_frame_0034.png,0.9077,0.9106
Rickshaw_10,Rickshaw_18,R-R,0.2875,DJI_0103_frame_0005.png,DJI_0103_frame_0089.png,0.9077,0.9321
Rickshaw_10,Rickshaw_19,R-R,0.2559,DJI_0103_frame_0005.png,DJI_0103_frame_0004.png,0.9077,0.9111
Rickshaw_10,Motorcycle_00,R-M,0.2900,DJI_0103_frame_0005.png,DJI_0103_frame_0080.png,0.9077,0.915
Rickshaw_10,Motorcycle_01,R-M,0.2576,DJI_0103_frame_0005.png,DJI_0103_frame_0091.png,0.9077,0.9204
Rickshaw_10,Motorcycle_02,R-M,0.2631,DJI_0103_frame_0005.png,DJI_0103_frame_0088.png,0.9077,0.9165
Rickshaw_10,Motorcycle_03,R-M,0.1938,DJI_0103_frame_0005.png,DJI_0103_frame_0041.png,0.9077,0.9077
Rickshaw_10,Motorcycle_04,R-M,0.2353,DJI_0103_frame_0005.png,DJI_0103_frame_0093.png,0.9077,0.9092
Rickshaw_10,Motorcycle_05,R-M,0.3482,DJI_0103_frame_0005.png,DJI_0103_frame_0088.png,0.9077,0.9082
Rickshaw_10,Motorcycle_06,R-M,0.3241,DJI_0103_frame_0005.png,DJI_0102_frame_0027.png,0.9077,0.9102
Rickshaw_10,Motorcycle_07,R-M,0.1978,DJI_0103_frame_0005.png,DJI_0103_frame_0098.png,0.9077,0.9077
Rickshaw_10,Motorcycle_08,R-M,0.2192,DJI_0103_frame_0005.png,DJI_0103_frame_0066.png,0.9077,0.9092
Rickshaw_10,Motorcycle_09,R-M,0.2328,DJI_0103_frame_0005.png,DJI_0102_frame_0028.png,0.9077,0.9121
Rickshaw_10,Motorcycle_10,R-M,0.2072,DJI_0103_frame_0005.png,DJI_0103_frame_0024.png,0.9077,0.9092
Rickshaw_10,Motorcycle_11,R-M,0.3267,DJI_0103_frame_0005.png,DJI_0103_frame_0087.png,0.9077,0.9131
Rickshaw_10,Motorcycle_12,R-M,0.2476,DJI_0103_frame_0005.png,DJI_0103_frame_0090.png,0.9077,0.9136
Rickshaw_10,Motorcycle_13,R-M,0.2238,DJI_0103_frame_0005.png,DJI_0103_frame_0085.png,0.9077,0.9082
Rickshaw_10,Motorcycle_14,R-M,0.1993,DJI_0103_frame_0005.png,DJI_0103_frame_0069.png,0.9077,0.9087
Rickshaw_10,Motorcycle_15,R-M,0.2272,DJI_0103_frame_0005.png,DJI_0103_frame_0055.png,0.9077,0.9102
Rickshaw_10,Motorcycle_16,R-M,0.3767,DJI_0103_frame_0005.png,DJI_0103_frame_0068.png,0.9077,0.9087
Rickshaw_10,Motorcycle_17,R-M,0.2373,DJI_0103_frame_0005.png,DJI_0103_frame_0042.png,0.9077,0.9097
Rickshaw_10,Motorcycle_18,R-M,0.2541,DJI_0103_frame_0005.png,DJI_0103_frame_0006.png,0.9077,0.9092
Rickshaw_10,Motorcycle_19,R-M,0.2405,DJI_0103_frame_0005.png,DJI_0103_frame_0061.png,0.9077,0.9082
Rickshaw_11,Rickshaw_12,R-R,0.2476,DJI_0103_frame_0005.png,DJI_0403_merged_frame_0094.png,0.9053,0.9033
Rickshaw_11,Rickshaw_13,R-R,0.4340,DJI_0103_frame_0005.png,DJI_0102_frame_0027.png,0.9053,0.9346
Rickshaw_11,Rickshaw_14,R-R,0.4018,DJI_0103_frame_0005.png,DJI_0102_frame_0027.png,0.9053,0.9448
Rickshaw_11,Rickshaw_15,R-R,0.5230,DJI_0103_frame_0005.png,DJI_0103_frame_0090.png,0.9053,0.9229
Rickshaw_11,Rickshaw_16,R-R,0.6741,DJI_0103_frame_0005.png,DJI_0102_frame_0004.png,0.9053,0.9189
Rickshaw_11,Rickshaw_17,R-R,0.5284,DJI_0103_frame_0005.png,DJI_0103_frame_0034.png,0.9053,0.9106
Rickshaw_11,Rickshaw_18,R-R,0.5260,DJI_0103_frame_0005.png,DJI_0103_frame_0089.png,0.9053,0.9321
Rickshaw_11,Rickshaw_19,R-R,0.9141,DJI_0103_frame_0005.png,DJI_0103_frame_0004.png,0.9053,0.9111
Rickshaw_11,Motorcycle_00,R-M,0.5430,DJI_0103_frame_0005.png,DJI_0103_frame_0080.png,0.9053,0.915
Rickshaw_11,Motorcycle_01,R-M,0.4545,DJI_0103_frame_0005.png,DJI_0103_frame_0091.png,0.9053,0.9204
Rickshaw_11,Motorcycle_02,R-M,0.4607,DJI_0103_frame_0005.png,DJI_0103_frame_0088.png,0.9053,0.9165
Rickshaw_11,Motorcycle_03,R-M,0.6039,DJI_0103_frame_0005.png,DJI_0103_frame_0041.png,0.9053,0.9077
Rickshaw_11,Motorcycle_04,R-M,0.5660,DJI_0103_frame_0005.png,DJI_0103_frame_0093.png,0.9053,0.9092
Rickshaw_11,Motorcycle_05,R-M,0.4776,DJI_0103_frame_0005.png,DJI_0103_frame_0088.png,0.9053,0.9082
Rickshaw_11,Motorcycle_06,R-M,0.5477,DJI_0103_frame_0005.png,DJI_0102_frame_0027.png,0.9053,0.9102
Rickshaw_11,Motorcycle_07,R-M,0.5698,DJI_0103_frame_0005.png,DJI_0103_frame_0098.png,0.9053,0.9077
Rickshaw_11,Motorcycle_08,R-M,0.4331,DJI_0103_frame_0005.png,DJI_0103_frame_0066.png,0.9053,0.9092
Rickshaw_11,Motorcycle_09,R-M,0.5322,DJI_0103_frame_0005.png,DJI_0102_frame_0028.png,0.9053,0.9121
Rickshaw_11,Motorcycle_10,R-M,0.5171,DJI_0103_frame_0005.png,DJI_0103_frame_0024.png,0.9053,0.9092
Rickshaw_11,Motorcycle_11,R-M,0.5226,DJI_0103_frame_0005.png,DJI_0103_frame_0087.png,0.9053,0.9131
Rickshaw_11,Motorcycle_12,R-M,0.5040,DJI_0103_frame_0005.png,DJI_0103_frame_0090.png,0.9053,0.9136
Rickshaw_11,Motorcycle_13,R-M,0.5169,DJI_0103_frame_0005.png,DJI_0103_frame_0085.png,0.9053,0.9082
Rickshaw_11,Motorcycle_14,R-M,0.3917,DJI_0103_frame_0005.png,DJI_0103_frame_0069.png,0.9053,0.9087
Rickshaw_11,Motorcycle_15,R-M,0.4925,DJI_0103_frame_0005.png,DJI_0103_frame_0055.png,0.9053,0.9102
Rickshaw_11,Motorcycle_16,R-M,0.4321,DJI_0103_frame_0005.png,DJI_0103_frame_0068.png,0.9053,0.9087
Rickshaw_11,Motorcycle_17,R-M,0.4587,DJI_0103_frame_0005.png,DJI_0103_frame_0042.png,0.9053,0.9097
Rickshaw_11,Motorcycle_18,R-M,0.6125,DJI_0103_frame_0005.png,DJI_0103_frame_0006.png,0.9053,0.9092
Rickshaw_11,Motorcycle_19,R-M,0.5423,DJI_0103_frame_0005.png,DJI_0103_frame_0061.png,0.9053,0.9082
Rickshaw_12,Rickshaw_13,R-R,0.2235,DJI_0403_merged_frame_0094.png,DJI_0102_frame_0027.png,0.9033,0.9346
Rickshaw_12,Rickshaw_14,R-R,0.4558,DJI_0403_merged_frame_0094.png,DJI_0102_frame_0027.png,0.9033,0.9448
Rickshaw_12,Rickshaw_15,R-R,0.3978,DJI_0403_merged_frame_0094.png,DJI_0103_frame_0090.png,0.9033,0.9229
Rickshaw_12,Rickshaw_16,R-R,0.2513,DJI_0403_merged_frame_0094.png,DJI_0102_frame_0004.png,0.9033,0.9189
Rickshaw_12,Rickshaw_17,R-R,0.5127,DJI_0403_merged_frame_0094.png,DJI_0103_frame_0034.png,0.9033,0.9106
Rickshaw_12,Rickshaw_18,R-R,0.3354,DJI_0403_merged_frame_0094.png,DJI_0103_frame_0089.png,0.9033,0.9321
Rickshaw_12,Rickshaw_19,R-R,0.2540,DJI_0403_merged_frame_0094.png,DJI_0103_frame_0004.png,0.9033,0.9111
Rickshaw_12,Motorcycle_00,R-M,0.3116,DJI_0403_merged_frame_0094.png,DJI_0103_frame_0080.png,0.9033,0.915
Rickshaw_12,Motorcycle_01,R-M,0.2784,DJI_0403_merged_frame_0094.png,DJI_0103_frame_0091.png,0.9033,0.9204
Rickshaw_12,Motorcycle_02,R-M,0.2722,DJI_0403_merged_frame_0094.png,DJI_0103_frame_0088.png,0.9033,0.9165
Rickshaw_12,Motorcycle_03,R-M,0.2212,DJI_0403_merged_frame_0094.png,DJI_0103_frame_0041.png,0.9033,0.9077
Rickshaw_12,Motorcycle_04,R-M,0.2186,DJI_0403_merged_frame_0094.png,DJI_0103_frame_0093.png,0.9033,0.9092
Rickshaw_12,Motorcycle_05,R-M,0.3971,DJI_0403_merged_frame_0094.png,DJI_0103_frame_0088.png,0.9033,0.9082
Rickshaw_12,Motorcycle_06,R-M,0.2959,DJI_0403_merged_frame_0094.png,DJI_0102_frame_0027.png,0.9033,0.9102
Rickshaw_12,Motorcycle_07,R-M,0.2193,DJI_0403_merged_frame_0094.png,DJI_0103_frame_0098.png,0.9033,0.9077
Rickshaw_12,Motorcycle_08,R-M,0.2464,DJI_0403_merged_frame_0094.png,DJI_0103_frame_0066.png,0.9033,0.9092
Rickshaw_12,Motorcycle_09,R-M,0.2704,DJI_0403_merged_frame_0094.png,DJI_0102_frame_0028.png,0.9033,0.9121
Rickshaw_12,Motorcycle_10,R-M,0.2038,DJI_0403_merged_frame_0094.png,DJI_0103_frame_0024.png,0.9033,0.9092
Rickshaw_12,Motorcycle_11,R-M,0.3373,DJI_0403_merged_frame_0094.png,DJI_0103_frame_0087.png,0.9033,0.9131
Rickshaw_12,Motorcycle_12,R-M,0.3089,DJI_0403_merged_frame_0094.png,DJI_0103_frame_0090.png,0.9033,0.9136
Rickshaw_12,Motorcycle_13,R-M,0.2652,DJI_0403_merged_frame_0094.png,DJI_0103_frame_0085.png,0.9033,0.9082
Rickshaw_12,Motorcycle_14,R-M,0.1941,DJI_0403_merged_frame_0094.png,DJI_0103_frame_0069.png,0.9033,0.9087
Rickshaw_12,Motorcycle_15,R-M,0.2632,DJI_0403_merged_frame_0094.png,DJI_0103_frame_0055.png,0.9033,0.9102
Rickshaw_12,Motorcycle_16,R-M,0.4220,DJI_0403_merged_frame_0094.png,DJI_0103_frame_0068.png,0.9033,0.9087
Rickshaw_12,Motorcycle_17,R-M,0.2693,DJI_0403_merged_frame_0094.png,DJI_0103_frame_0042.png,0.9033,0.9097
Rickshaw_12,Motorcycle_18,R-M,0.2858,DJI_0403_merged_frame_0094.png,DJI_0103_frame_0006.png,0.9033,0.9092
Rickshaw_12,Motorcycle_19,R-M,0.2114,DJI_0403_merged_frame_0094.png,DJI_0103_frame_0061.png,0.9033,0.9082
Rickshaw_13,Rickshaw_14,R-R,0.3857,DJI_0102_frame_0027.png,DJI_0102_frame_0027.png,0.9346,0.9448
Rickshaw_13,Rickshaw_15,R-R,0.4260,DJI_0102_frame_0027.png,DJI_0103_frame_0090.png,0.9346,0.9229
Rickshaw_13,Rickshaw_16,R-R,0.3937,DJI_0102_frame_0027.png,DJI_0102_frame_0004.png,0.9346,0.9189
Rickshaw_13,Rickshaw_17,R-R,0.4370,DJI_0102_frame_0027.png,DJI_0103_frame_0034.png,0.9346,0.9106
Rickshaw_13,Rickshaw_18,R-R,0.3477,DJI_0102_frame_0027.png,DJI_0103_frame_0089.png,0.9346,0.9321
Rickshaw_13,Rickshaw_19,R-R,0.4617,DJI_0102_frame_0027.png,DJI_0103_frame_0004.png,0.9346,0.9111
Rickshaw_13,Motorcycle_00,R-M,0.3311,DJI_0102_frame_0027.png,DJI_0103_frame_0080.png,0.9346,0.915
Rickshaw_13,Motorcycle_01,R-M,0.3049,DJI_0102_frame_0027.png,DJI_0103_frame_0091.png,0.9346,0.9204
Rickshaw_13,Motorcycle_02,R-M,0.2573,DJI_0102_frame_0027.png,DJI_0103_frame_0088.png,0.9346,0.9165
Rickshaw_13,Motorcycle_03,R-M,0.3412,DJI_0102_frame_0027.png,DJI_0103_frame_0041.png,0.9346,0.9077
Rickshaw_13,Motorcycle_04,R-M,0.3074,DJI_0102_frame_0027.png,DJI_0103_frame_0093.png,0.9346,0.9092
Rickshaw_13,Motorcycle_05,R-M,0.3381,DJI_0102_frame_0027.png,DJI_0103_frame_0088.png,0.9346,0.9082
Rickshaw_13,Motorcycle_06,R-M,0.3686,DJI_0102_frame_0027.png,DJI_0102_frame_0027.png,0.9346,0.9102
Rickshaw_13,Motorcycle_07,R-M,0.3515,DJI_0102_frame_0027.png,DJI_0103_frame_0098.png,0.9346,0.9077
Rickshaw_13,Motorcycle_08,R-M,0.3114,DJI_0102_frame_0027.png,DJI_0103_frame_0066.png,0.9346,0.9092
Rickshaw_13,Motorcycle_09,R-M,0.4434,DJI_0102_frame_0027.png,DJI_0102_frame_0028.png,0.9346,0.9121
Rickshaw_13,Motorcycle_10,R-M,0.3139,DJI_0102_frame_0027.png,DJI_0103_frame_0024.png,0.9346,0.9092
Rickshaw_13,Motorcycle_11,R-M,0.3499,DJI_0102_frame_0027.png,DJI_0103_frame_0087.png,0.9346,0.9131
Rickshaw_13,Motorcycle_12,R-M,0.3554,DJI_0102_frame_0027.png,DJI_0103_frame_0090.png,0.9346,0.9136
Rickshaw_13,Motorcycle_13,R-M,0.3041,DJI_0102_frame_0027.png,DJI_0103_frame_0085.png,0.9346,0.9082
Rickshaw_13,Motorcycle_14,R-M,0.2808,DJI_0102_frame_0027.png,DJI_0103_frame_0069.png,0.9346,0.9087
Rickshaw_13,Motorcycle_15,R-M,0.3498,DJI_0102_frame_0027.png,DJI_0103_frame_0055.png,0.9346,0.9102
Rickshaw_13,Motorcycle_16,R-M,0.3185,DJI_0102_frame_0027.png,DJI_0103_frame_0068.png,0.9346,0.9087
Rickshaw_13,Motorcycle_17,R-M,0.3222,DJI_0102_frame_0027.png,DJI_0103_frame_0042.png,0.9346,0.9097
Rickshaw_13,Motorcycle_18,R-M,0.3672,DJI_0102_frame_0027.png,DJI_0103_frame_0006.png,0.9346,0.9092
Rickshaw_13,Motorcycle_19,R-M,0.2815,DJI_0102_frame_0027.png,DJI_0103_frame_0061.png,0.9346,0.9082
Rickshaw_14,Rickshaw_15,R-R,0.6061,DJI_0102_frame_0027.png,DJI_0103_frame_0090.png,0.9448,0.9229
Rickshaw_14,Rickshaw_16,R-R,0.3404,DJI_0102_frame_0027.png,DJI_0102_frame_0004.png,0.9448,0.9189
Rickshaw_14,Rickshaw_17,R-R,0.7114,DJI_0102_frame_0027.png,DJI_0103_frame_0034.png,0.9448,0.9106
Rickshaw_14,Rickshaw_18,R-R,0.4043,DJI_0102_frame_0027.png,DJI_0103_frame_0089.png,0.9448,0.9321
Rickshaw_14,Rickshaw_19,R-R,0.3896,DJI_0102_frame_0027.png,DJI_0103_frame_0004.png,0.9448,0.9111
Rickshaw_14,Motorcycle_00,R-M,0.5067,DJI_0102_frame_0027.png,DJI_0103_frame_0080.png,0.9448,0.915
Rickshaw_14,Motorcycle_01,R-M,0.5155,DJI_0102_frame_0027.png,DJI_0103_frame_0091.png,0.9448,0.9204
Rickshaw_14,Motorcycle_02,R-M,0.4697,DJI_0102_frame_0027.png,DJI_0103_frame_0088.png,0.9448,0.9165
Rickshaw_14,Motorcycle_03,R-M,0.4501,DJI_0102_frame_0027.png,DJI_0103_frame_0041.png,0.9448,0.9077
Rickshaw_14,Motorcycle_04,R-M,0.3982,DJI_0102_frame_0027.png,DJI_0103_frame_0093.png,0.9448,0.9092
Rickshaw_14,Motorcycle_05,R-M,0.5670,DJI_0102_frame_0027.png,DJI_0103_frame_0088.png,0.9448,0.9082
Rickshaw_14,Motorcycle_06,R-M,0.4385,DJI_0102_frame_0027.png,DJI_0102_frame_0027.png,0.9448,0.9102
Rickshaw_14,Motorcycle_07,R-M,0.4358,DJI_0102_frame_0027.png,DJI_0103_frame_0098.png,0.9448,0.9077
Rickshaw_14,Motorcycle_08,R-M,0.4690,DJI_0102_frame_0027.png,DJI_0103_frame_0066.png,0.9448,0.9092
Rickshaw_14,Motorcycle_09,R-M,0.4277,DJI_0102_frame_0027.png,DJI_0102_frame_0028.png,0.9448,0.9121
Rickshaw_14,Motorcycle_10,R-M,0.4114,DJI_0102_frame_0027.png,DJI_0103_frame_0024.png,0.9448,0.9092
Rickshaw_14,Motorcycle_11,R-M,0.5159,DJI_0102_frame_0027.png,DJI_0103_frame_0087.png,0.9448,0.9131
Rickshaw_14,Motorcycle_12,R-M,0.4932,DJI_0102_frame_0027.png,DJI_0103_frame_0090.png,0.9448,0.9136
Rickshaw_14,Motorcycle_13,R-M,0.4258,DJI_0102_frame_0027.png,DJI_0103_frame_0085.png,0.9448,0.9082
Rickshaw_14,Motorcycle_14,R-M,0.2756,DJI_0102_frame_0027.png,DJI_0103_frame_0069.png,0.9448,0.9087
Rickshaw_14,Motorcycle_15,R-M,0.4919,DJI_0102_frame_0027.png,DJI_0103_frame_0055.png,0.9448,0.9102
Rickshaw_14,Motorcycle_16,R-M,0.6161,DJI_0102_frame_0027.png,DJI_0103_frame_0068.png,0.9448,0.9087
Rickshaw_14,Motorcycle_17,R-M,0.4024,DJI_0102_frame_0027.png,DJI_0103_frame_0042.png,0.9448,0.9097
Rickshaw_14,Motorcycle_18,R-M,0.3851,DJI_0102_frame_0027.png,DJI_0103_frame_0006.png,0.9448,0.9092
Rickshaw_14,Motorcycle_19,R-M,0.4386,DJI_0102_frame_0027.png,DJI_0103_frame_0061.png,0.9448,0.9082
Rickshaw_15,Rickshaw_16,R-R,0.4651,DJI_0103_frame_0090.png,DJI_0102_frame_0004.png,0.9229,0.9189
Rickshaw_15,Rickshaw_17,R-R,0.7535,DJI_0103_frame_0090.png,DJI_0103_frame_0034.png,0.9229,0.9106
Rickshaw_15,Rickshaw_18,R-R,0.5819,DJI_0103_frame_0090.png,DJI_0103_frame_0089.png,0.9229,0.9321
Rickshaw_15,Rickshaw_19,R-R,0.5042,DJI_0103_frame_0090.png,DJI_0103_frame_0004.png,0.9229,0.9111
Rickshaw_15,Motorcycle_00,R-M,0.5901,DJI_0103_frame_0090.png,DJI_0103_frame_0080.png,0.9229,0.915
Rickshaw_15,Motorcycle_01,R-M,0.6284,DJI_0103_frame_0090.png,DJI_0103_frame_0091.png,0.9229,0.9204
Rickshaw_15,Motorcycle_02,R-M,0.5413,DJI_0103_frame_0090.png,DJI_0103_frame_0088.png,0.9229,0.9165
Rickshaw_15,Motorcycle_03,R-M,0.5231,DJI_0103_frame_0090.png,DJI_0103_frame_0041.png,0.9229,0.9077
Rickshaw_15,Motorcycle_04,R-M,0.4371,DJI_0103_frame_0090.png,DJI_0103_frame_0093.png,0.9229,0.9092
Rickshaw_15,Motorcycle_05,R-M,0.6132,DJI_0103_frame_0090.png,DJI_0103_frame_0088.png,0.9229,0.9082
Rickshaw_15,Motorcycle_06,R-M,0.4328,DJI_0103_frame_0090.png,DJI_0102_frame_0027.png,0.9229,0.9102
Rickshaw_15,Motorcycle_07,R-M,0.4799,DJI_0103_frame_0090.png,DJI_0103_frame_0098.png,0.9229,0.9077
Rickshaw_15,Motorcycle_08,R-M,0.3811,DJI_0103_frame_0090.png,DJI_0103_frame_0066.png,0.9229,0.9092
Rickshaw_15,Motorcycle_09,R-M,0.4783,DJI_0103_frame_0090.png,DJI_0102_frame_0028.png,0.9229,0.9121
Rickshaw_15,Motorcycle_10,R-M,0.4633,DJI_0103_frame_0090.png,DJI_0103_frame_0024.png,0.9229,0.9092
Rickshaw_15,Motorcycle_11,R-M,0.5509,DJI_0103_frame_0090.png,DJI_0103_frame_0087.png,0.9229,0.9131
Rickshaw_15,Motorcycle_12,R-M,0.6212,DJI_0103_frame_0090.png,DJI_0103_frame_0090.png,0.9229,0.9136
Rickshaw_15,Motorcycle_13,R-M,0.5876,DJI_0103_frame_0090.png,DJI_0103_frame_0085.png,0.9229,0.9082
Rickshaw_15,Motorcycle_14,R-M,0.2810,DJI_0103_frame_0090.png,DJI_0103_frame_0069.png,0.9229,0.9087
Rickshaw_15,Motorcycle_15,R-M,0.4707,DJI_0103_frame_0090.png,DJI_0103_frame_0055.png,0.9229,0.9102
Rickshaw_15,Motorcycle_16,R-M,0.6333,DJI_0103_frame_0090.png,DJI_0103_frame_0068.png,0.9229,0.9087
Rickshaw_15,Motorcycle_17,R-M,0.4043,DJI_0103_frame_0090.png,DJI_0103_frame_0042.png,0.9229,0.9097
Rickshaw_15,Motorcycle_18,R-M,0.4524,DJI_0103_frame_0090.png,DJI_0103_frame_0006.png,0.9229,0.9092
Rickshaw_15,Motorcycle_19,R-M,0.4476,DJI_0103_frame_0090.png,DJI_0103_frame_0061.png,0.9229,0.9082
Rickshaw_16,Rickshaw_17,R-R,0.4460,DJI_0102_frame_0004.png,DJI_0103_frame_0034.png,0.9189,0.9106
Rickshaw_16,Rickshaw_18,R-R,0.5022,DJI_0102_frame_0004.png,DJI_0103_frame_0089.png,0.9189,0.9321
Rickshaw_16,Rickshaw_19,R-R,0.6866,DJI_0102_frame_0004.png,DJI_0103_frame_0004.png,0.9189,0.9111
Rickshaw_16,Motorcycle_00,R-M,0.4144,DJI_0102_frame_0004.png,DJI_0103_frame_0080.png,0.9189,0.915
Rickshaw_16,Motorcycle_01,R-M,0.4286,DJI_0102_frame_0004.png,DJI_0103_frame_0091.png,0.9189,0.9204
Rickshaw_16,Motorcycle_02,R-M,0.3592,DJI_0102_frame_0004.png,DJI_0103_frame_0088.png,0.9189,0.9165
Rickshaw_16,Motorcycle_03,R-M,0.4649,DJI_0102_frame_0004.png,DJI_0103_frame_0041.png,0.9189,0.9077
Rickshaw_16,Motorcycle_04,R-M,0.4407,DJI_0102_frame_0004.png,DJI_0103_frame_0093.png,0.9189,0.9092
Rickshaw_16,Motorcycle_05,R-M,0.3903,DJI_0102_frame_0004.png,DJI_0103_frame_0088.png,0.9189,0.9082
Rickshaw_16,Motorcycle_06,R-M,0.4786,DJI_0102_frame_0004.png,DJI_0102_frame_0027.png,0.9189,0.9102
Rickshaw_16,Motorcycle_07,R-M,0.4438,DJI_0102_frame_0004.png,DJI_0103_frame_0098.png,0.9189,0.9077
Rickshaw_16,Motorcycle_08,R-M,0.3061,DJI_0102_frame_0004.png,DJI_0103_frame_0066.png,0.9189,0.9092
Rickshaw_16,Motorcycle_09,R-M,0.4306,DJI_0102_frame_0004.png,DJI_0102_frame_0028.png,0.9189,0.9121
Rickshaw_16,Motorcycle_10,R-M,0.3878,DJI_0102_frame_0004.png,DJI_0103_frame_0024.png,0.9189,0.9092
Rickshaw_16,Motorcycle_11,R-M,0.4217,DJI_0102_frame_0004.png,DJI_0103_frame_0087.png,0.9189,0.9131
Rickshaw_16,Motorcycle_12,R-M,0.4854,DJI_0102_frame_0004.png,DJI_0103_frame_0090.png,0.9189,0.9136
Rickshaw_16,Motorcycle_13,R-M,0.3930,DJI_0102_frame_0004.png,DJI_0103_frame_0085.png,0.9189,0.9082
Rickshaw_16,Motorcycle_14,R-M,0.3152,DJI_0102_frame_0004.png,DJI_0103_frame_0069.png,0.9189,0.9087
Rickshaw_16,Motorcycle_15,R-M,0.3576,DJI_0102_frame_0004.png,DJI_0103_frame_0055.png,0.9189,0.9102
Rickshaw_16,Motorcycle_16,R-M,0.3918,DJI_0102_frame_0004.png,DJI_0103_frame_0068.png,0.9189,0.9087
Rickshaw_16,Motorcycle_17,R-M,0.3663,DJI_0102_frame_0004.png,DJI_0103_frame_0042.png,0.9189,0.9097
Rickshaw_16,Motorcycle_18,R-M,0.4949,DJI_0102_frame_0004.png,DJI_0103_frame_0006.png,0.9189,0.9092
Rickshaw_16,Motorcycle_19,R-M,0.4003,DJI_0102_frame_0004.png,DJI_0103_frame_0061.png,0.9189,0.9082
Rickshaw_17,Rickshaw_18,R-R,0.5104,DJI_0103_frame_0034.png,DJI_0103_frame_0089.png,0.9106,0.9321
Rickshaw_17,Rickshaw_19,R-R,0.5343,DJI_0103_frame_0034.png,DJI_0103_frame_0004.png,0.9106,0.9111
Rickshaw_17,Motorcycle_00,R-M,0.6206,DJI_0103_frame_0034.png,DJI_0103_frame_0080.png,0.9106,0.915
Rickshaw_17,Motorcycle_01,R-M,0.5257,DJI_0103_frame_0034.png,DJI_0103_frame_0091.png,0.9106,0.9204
Rickshaw_17,Motorcycle_02,R-M,0.5306,DJI_0103_frame_0034.png,DJI_0103_frame_0088.png,0.9106,0.9165
Rickshaw_17,Motorcycle_03,R-M,0.5075,DJI_0103_frame_0034.png,DJI_0103_frame_0041.png,0.9106,0.9077
Rickshaw_17,Motorcycle_04,R-M,0.4047,DJI_0103_frame_0034.png,DJI_0103_frame_0093.png,0.9106,0.9092
Rickshaw_17,Motorcycle_05,R-M,0.6294,DJI_0103_frame_0034.png,DJI_0103_frame_0088.png,0.9106,0.9082
Rickshaw_17,Motorcycle_06,R-M,0.4279,DJI_0103_frame_0034.png,DJI_0102_frame_0027.png,0.9106,0.9102
Rickshaw_17,Motorcycle_07,R-M,0.4812,DJI_0103_frame_0034.png,DJI_0103_frame_0098.png,0.9106,0.9077
Rickshaw_17,Motorcycle_08,R-M,0.4345,DJI_0103_frame_0034.png,DJI_0103_frame_0066.png,0.9106,0.9092
Rickshaw_17,Motorcycle_09,R-M,0.4573,DJI_0103_frame_0034.png,DJI_0102_frame_0028.png,0.9106,0.9121
Rickshaw_17,Motorcycle_10,R-M,0.4335,DJI_0103_frame_0034.png,DJI_0103_frame_0024.png,0.9106,0.9092
Rickshaw_17,Motorcycle_11,R-M,0.6070,DJI_0103_frame_0034.png,DJI_0103_frame_0087.png,0.9106,0.9131
Rickshaw_17,Motorcycle_12,R-M,0.5436,DJI_0103_frame_0034.png,DJI_0103_frame_0090.png,0.9106,0.9136
Rickshaw_17,Motorcycle_13,R-M,0.5812,DJI_0103_frame_0034.png,DJI_0103_frame_0085.png,0.9106,0.9082
Rickshaw_17,Motorcycle_14,R-M,0.2918,DJI_0103_frame_0034.png,DJI_0103_frame_0069.png,0.9106,0.9087
Rickshaw_17,Motorcycle_15,R-M,0.5041,DJI_0103_frame_0034.png,DJI_0103_frame_0055.png,0.9106,0.9102
Rickshaw_17,Motorcycle_16,R-M,0.6685,DJI_0103_frame_0034.png,DJI_0103_frame_0068.png,0.9106,0.9087
Rickshaw_17,Motorcycle_17,R-M,0.4278,DJI_0103_frame_0034.png,DJI_0103_frame_0042.png,0.9106,0.9097
Rickshaw_17,Motorcycle_18,R-M,0.4297,DJI_0103_frame_0034.png,DJI_0103_frame_0006.png,0.9106,0.9092
Rickshaw_17,Motorcycle_19,R-M,0.4372,DJI_0103_frame_0034.png,DJI_0103_frame_0061.png,0.9106,0.9082
Rickshaw_18,Rickshaw_19,R-R,0.5159,DJI_0103_frame_0089.png,DJI_0103_frame_0004.png,0.9321,0.9111
Rickshaw_18,Motorcycle_00,R-M,0.4261,DJI_0103_frame_0089.png,DJI_0103_frame_0080.png,0.9321,0.915
Rickshaw_18,Motorcycle_01,R-M,0.3837,DJI_0103_frame_0089.png,DJI_0103_frame_0091.png,0.9321,0.9204
Rickshaw_18,Motorcycle_02,R-M,0.3452,DJI_0103_frame_0089.png,DJI_0103_frame_0088.png,0.9321,0.9165
Rickshaw_18,Motorcycle_03,R-M,0.4107,DJI_0103_frame_0089.png,DJI_0103_frame_0041.png,0.9321,0.9077
Rickshaw_18,Motorcycle_04,R-M,0.3483,DJI_0103_frame_0089.png,DJI_0103_frame_0093.png,0.9321,0.9092
Rickshaw_18,Motorcycle_05,R-M,0.4152,DJI_0103_frame_0089.png,DJI_0103_frame_0088.png,0.9321,0.9082
Rickshaw_18,Motorcycle_06,R-M,0.4789,DJI_0103_frame_0089.png,DJI_0102_frame_0027.png,0.9321,0.9102
Rickshaw_18,Motorcycle_07,R-M,0.3758,DJI_0103_frame_0089.png,DJI_0103_frame_0098.png,0.9321,0.9077
Rickshaw_18,Motorcycle_08,R-M,0.3045,DJI_0103_frame_0089.png,DJI_0103_frame_0066.png,0.9321,0.9092
Rickshaw_18,Motorcycle_09,R-M,0.4776,DJI_0103_frame_0089.png,DJI_0102_frame_0028.png,0.9321,0.9121
Rickshaw_18,Motorcycle_10,R-M,0.3360,DJI_0103_frame_0089.png,DJI_0103_frame_0024.png,0.9321,0.9092
Rickshaw_18,Motorcycle_11,R-M,0.4218,DJI_0103_frame_0089.png,DJI_0103_frame_0087.png,0.9321,0.9131
Rickshaw_18,Motorcycle_12,R-M,0.3893,DJI_0103_frame_0089.png,DJI_0103_frame_0090.png,0.9321,0.9136
Rickshaw_18,Motorcycle_13,R-M,0.4397,DJI_0103_frame_0089.png,DJI_0103_frame_0085.png,0.9321,0.9082
Rickshaw_18,Motorcycle_14,R-M,0.2967,DJI_0103_frame_0089.png,DJI_0103_frame_0069.png,0.9321,0.9087
Rickshaw_18,Motorcycle_15,R-M,0.3728,DJI_0103_frame_0089.png,DJI_0103_frame_0055.png,0.9321,0.9102
Rickshaw_18,Motorcycle_16,R-M,0.4594,DJI_0103_frame_0089.png,DJI_0103_frame_0068.png,0.9321,0.9087
Rickshaw_18,Motorcycle_17,R-M,0.3812,DJI_0103_frame_0089.png,DJI_0103_frame_0042.png,0.9321,0.9097
Rickshaw_18,Motorcycle_18,R-M,0.4375,DJI_0103_frame_0089.png,DJI_0103_frame_0006.png,0.9321,0.9092
Rickshaw_18,Motorcycle_19,R-M,0.3332,DJI_0103_frame_0089.png,DJI_0103_frame_0061.png,0.9321,0.9082
Rickshaw_19,Motorcycle_00,R-M,0.5063,DJI_0103_frame_0004.png,DJI_0103_frame_0080.png,0.9111,0.915
Rickshaw_19,Motorcycle_01,R-M,0.4236,DJI_0103_frame_0004.png,DJI_0103_frame_0091.png,0.9111,0.9204
Rickshaw_19,Motorcycle_02,R-M,0.4302,DJI_0103_frame_0004.png,DJI_0103_frame_0088.png,0.9111,0.9165
Rickshaw_19,Motorcycle_03,R-M,0.6047,DJI_0103_frame_0004.png,DJI_0103_frame_0041.png,0.9111,0.9077
Rickshaw_19,Motorcycle_04,R-M,0.5322,DJI_0103_frame_0004.png,DJI_0103_frame_0093.png,0.9111,0.9092
Rickshaw_19,Motorcycle_05,R-M,0.4559,DJI_0103_frame_0004.png,DJI_0103_frame_0088.png,0.9111,0.9082
Rickshaw_19,Motorcycle_06,R-M,0.5304,DJI_0103_frame_0004.png,DJI_0102_frame_0027.png,0.9111,0.9102
Rickshaw_19,Motorcycle_07,R-M,0.5730,DJI_0103_frame_0004.png,DJI_0103_frame_0098.png,0.9111,0.9077
Rickshaw_19,Motorcycle_08,R-M,0.4160,DJI_0103_frame_0004.png,DJI_0103_frame_0066.png,0.9111,0.9092
Rickshaw_19,Motorcycle_09,R-M,0.5297,DJI_0103_frame_0004.png,DJI_0102_frame_0028.png,0.9111,0.9121
Rickshaw_19,Motorcycle_10,R-M,0.5102,DJI_0103_frame_0004.png,DJI_0103_frame_0024.png,0.9111,0.9092
Rickshaw_19,Motorcycle_11,R-M,0.5038,DJI_0103_frame_0004.png,DJI_0103_frame_0087.png,0.9111,0.9131
Rickshaw_19,Motorcycle_12,R-M,0.4753,DJI_0103_frame_0004.png,DJI_0103_frame_0090.png,0.9111,0.9136
Rickshaw_19,Motorcycle_13,R-M,0.4919,DJI_0103_frame_0004.png,DJI_0103_frame_0085.png,0.9111,0.9082
Rickshaw_19,Motorcycle_14,R-M,0.3579,DJI_0103_frame_0004.png,DJI_0103_frame_0069.png,0.9111,0.9087
Rickshaw_19,Motorcycle_15,R-M,0.4876,DJI_0103_frame_0004.png,DJI_0103_frame_0055.png,0.9111,0.9102
Rickshaw_19,Motorcycle_16,R-M,0.4299,DJI_0103_frame_0004.png,DJI_0103_frame_0068.png,0.9111,0.9087
Rickshaw_19,Motorcycle_17,R-M,0.4692,DJI_0103_frame_0004.png,DJI_0103_frame_0042.png,0.9111,0.9097
Rickshaw_19,Motorcycle_18,R-M,0.5917,DJI_0103_frame_0004.png,DJI_0103_frame_0006.png,0.9111,0.9092
Rickshaw_19,Motorcycle_19,R-M,0.5182,DJI_0103_frame_0004.png,DJI_0103_frame_0061.png,0.9111,0.9082
