id,class,score,file,bbox_xywh,ann_id
M001,Motorcycle,0.9062,DJI_0103_frame_0065.png,"[2022, 1358, 75, 47]",20112
M002,Motorcycle,0.8989,DJI_0102_frame_0017.png,"[386, 1360, 95, 67]",2890
M003,Motorcycle,0.9121,DJI_0103_frame_0031.png,"[2029, 1264, 77, 47]",13194
M004,Motorcycle,0.9077,DJI_0103_frame_0041.png,"[2004, 1299, 76, 47]",14969
M005,Motorcycle,0.9126,DJI_0103_frame_0011.png,"[2068, 1376, 80, 47]",9481
M006,Motorcycle,0.8984,DJI_0103_frame_0040.png,"[530, 1152, 75, 47]",14789
M007,Motorcycle,0.9014,DJI_0103_frame_0086.png,"[2114, 1236, 73, 30]",24722
M008,Motorcycle,0.9048,DJI_0103_frame_0059.png,"[2052, 1358, 76, 48]",18805
M009,Motorcycle,0.915,DJI_0103_frame_0080.png,"[2326, 629, 79, 41]",23412
M010,Motorcycle,0.8999,DJI_0103_frame_0078.png,"[2132, 1313, 75, 48]",22956
M011,Motorcycle,0.9141,DJI_0103_frame_0092.png,"[2061, 1285, 73, 48]",25977
M012,Motorcycle,0.897,DJI_0102_frame_0039.png,"[162, 1250, 113, 53]",5891
M013,Motorcycle,0.9062,DJI_0103_frame_0038.png,"[2097, 1250, 80, 48]",14433
M014,Motorcycle,0.8999,DJI_0102_frame_0015.png,"[695, 1312, 82, 103]",2610
M015,Motorcycle,0.9009,DJI_0103_frame_0089.png,"[1764, 1285, 81, 39]",25357
M016,Motorcycle,0.897,DJI_0103_frame_0046.png,"[2037, 1328, 76, 48]",15946
M017,Motorcycle,0.8975,DJI_0103_frame_0086.png,"[642, 1151, 70, 43]",24724
M018,Motorcycle,0.9121,DJI_0103_frame_0039.png,"[2044, 1244, 75, 47]",14617
M019,Motorcycle,0.9028,DJI_0103_frame_0065.png,"[517, 1216, 78, 46]",20113
M020,Motorcycle,0.9023,DJI_0103_frame_0090.png,"[1747, 1295, 83, 41]",25571
M021,Motorcycle,0.8989,DJI_0103_frame_0083.png,"[2362, 594, 80, 40]",24067
M022,Motorcycle,0.9219,DJI_0103_frame_0093.png,"[2066, 1271, 75, 48]",26172
M023,Motorcycle,0.8999,DJI_0103_frame_0045.png,"[2027, 1312, 75, 47]",15755
M024,Motorcycle,0.8984,DJI_0103_frame_0067.png,"[2065, 1291, 75, 46]",20537
M025,Motorcycle,0.9038,DJI_0103_frame_0066.png,"[467, 1173, 79, 30]",20328
M026,Motorcycle,0.9043,DJI_0103_frame_0064.png,"[514, 1260, 77, 48]",19900
M027,Motorcycle,0.8989,DJI_0103_frame_0097.png,"[1767, 1227, 73, 44]",26953
M028,Motorcycle,0.9009,DJI_0103_frame_0091.png,"[1914, 1225, 80, 32]",25770
M029,Motorcycle,0.9082,DJI_0103_frame_0085.png,"[2368, 578, 81, 41]",24511
M030,Motorcycle,0.9199,DJI_0103_frame_0087.png,"[1787, 1214, 71, 46]",24922
M031,Motorcycle,0.8975,DJI_0103_frame_0039.png,"[1719, 1228, 87, 39]",14619
M032,Motorcycle,0.9048,DJI_0103_frame_0086.png,"[1813, 1200, 72, 46]",24721
M033,Motorcycle,0.9014,DJI_0103_frame_0072.png,"[2138, 1322, 78, 48]",21641
M034,Motorcycle,0.9126,DJI_0103_frame_0063.png,"[511, 1253, 76, 47]",19689
M035,Motorcycle,0.8994,DJI_0102_frame_0035.png,"[165, 1251, 113, 53]",5344
M036,Motorcycle,0.9019,DJI_0103_frame_0054.png,"[347, 1144, 93, 26]",17670
M037,Motorcycle,0.8984,DJI_0103_frame_0077.png,"[2138, 1308, 73, 47]",22730
M038,Motorcycle,0.9058,DJI_0102_frame_0013.png,"[374, 1339, 94, 69]",2322
M039,Motorcycle,0.9053,DJI_0103_frame_0025.png,"[1293, 623, 107, 29]",12038
M040,Motorcycle,0.9106,DJI_0103_frame_0091.png,"[2073, 1291, 73, 48]",25765
M041,Motorcycle,0.8984,DJI_0103_frame_0081.png,"[2489, 620, 87, 29]",23637
M042,Motorcycle,0.8989,DJI_0102_frame_0033.png,"[368, 1346, 98, 66]",5068
M043,Motorcycle,0.8979,DJI_0103_frame_0099.png,"[602, 1204, 75, 47]",27372
M044,Motorcycle,0.9087,DJI_0103_frame_0044.png,"[525, 1188, 74, 45]",15540
M045,Motorcycle,0.8979,DJI_0103_frame_0039.png,"[355, 1051, 93, 25]",14618
M046,Motorcycle,0.9067,DJI_0103_frame_0091.png,"[1749, 1277, 85, 38]",25768
M047,Motorcycle,0.8979,DJI_0102_frame_0032.png,"[444, 467, 123, 42]",4944
M048,Motorcycle,0.9028,DJI_0103_frame_0082.png,"[2155, 1280, 74, 48]",23848
M049,Motorcycle,0.9004,DJI_0102_frame_0029.png,"[1240, 411, 118, 51]",4567
M050,Motorcycle,0.9097,DJI_0102_frame_0034.png,"[1253, 401, 118, 51]",5198
M051,Motorcycle,0.918,DJI_0102_frame_0035.png,"[359, 1298, 98, 39]",5342
M052,Motorcycle,0.8979,DJI_0103_frame_0045.png,"[407, 1182, 80, 33]",15756
M053,Motorcycle,0.9136,DJI_0103_frame_0088.png,"[1773, 1239, 71, 45]",25135
M054,Motorcycle,0.8994,DJI_0103_frame_0007.png,"[2026, 1380, 76, 47]",8753
M055,Motorcycle,0.9058,DJI_0103_frame_0097.png,"[596, 1184, 74, 46]",26952
M056,Motorcycle,0.9038,DJI_0103_frame_0006.png,"[522, 1240, 76, 47]",8555
M057,Motorcycle,0.9028,DJI_0103_frame_0027.png,"[2040, 1307, 81, 47]",12419
M058,Motorcycle,0.9062,DJI_0103_frame_0062.png,"[538, 1247, 76, 50]",19468
M059,Motorcycle,0.8975,DJI_0103_frame_0048.png,"[1707, 1331, 88, 40]",16377
M060,Motorcycle,0.9014,DJI_0103_frame_0068.png,"[569, 1145, 76, 47]",20755
M061,Motorcycle,0.8994,DJI_0103_frame_0003.png,"[2011, 1322, 78, 48]",7950
M062,Motorcycle,0.8989,DJI_0103_frame_0051.png,"[2040, 1347, 77, 48]",17011
M063,Motorcycle,0.9106,DJI_0102_frame_0035.png,"[384, 1340, 97, 67]",5343
M064,Motorcycle,0.8984,DJI_0103_frame_0097.png,"[402, 1115, 92, 25]",26954
M065,Motorcycle,0.8994,DJI_0102_frame_0007.png,"[2026, 1380, 76, 47]",1229
M066,Motorcycle,0.9004,DJI_0103_frame_0079.png,"[2099, 1271, 72, 30]",23177
M067,Motorcycle,0.8994,DJI_0103_frame_0061.png,"[367, 1158, 93, 26]",19263
M068,Motorcycle,0.9043,DJI_0103_frame_0060.png,"[367, 1158, 92, 26]",19028
M069,Motorcycle,0.9092,DJI_0103_frame_0024.png,"[1296, 628, 107, 31]",11829
M070,Motorcycle,0.9004,DJI_0102_frame_0006.png,"[1237, 1146, 74, 59]",1033
M071,Motorcycle,0.9116,DJI_0103_frame_0049.png,"[2018, 1344, 74, 49]",16576
M072,Motorcycle,0.9043,DJI_0103_frame_0058.png,"[566, 1211, 75, 48]",18599
M073,Motorcycle,0.8979,DJI_0103_frame_0059.png,"[362, 1163, 93, 24]",18807
M074,Motorcycle,0.8979,DJI_0103_frame_0065.png,"[403, 1201, 79, 31]",20115
M075,Motorcycle,0.8994,DJI_0102_frame_0003.png,"[2011, 1322, 78, 48]",426
M076,Motorcycle,0.9165,DJI_0102_frame_0013.png,"[807, 1198, 116, 64]",2320
M077,Motorcycle,0.9043,DJI_0103_frame_0076.png,"[465, 1096, 90, 25]",22523
M078,Motorcycle,0.9067,DJI_0103_frame_0089.png,"[2281, 634, 81, 39]",25353
M079,Motorcycle,0.8979,DJI_0103_frame_0093.png,"[2046, 1234, 76, 31]",26176
M080,Motorcycle,0.9028,DJI_0103_frame_0052.png,"[544, 1222, 75, 48]",17216
M081,Motorcycle,0.8979,DJI_0103_frame_0024.png,"[541, 1205, 76, 47]",11832
M082,Motorcycle,0.9028,DJI_0102_frame_0027.png,"[133, 1254, 112, 51]",4315
M083,Motorcycle,0.9028,DJI_0103_frame_0064.png,"[318, 1187, 95, 25]",19901
M084,Motorcycle,0.8999,DJI_0102_frame_0044.png,"[361, 1322, 94, 64]",6587
M085,Motorcycle,0.9033,DJI_0103_frame_0042.png,"[537, 1200, 75, 46]",15153
M086,Motorcycle,0.9004,DJI_0102_frame_0041.png,"[363, 1325, 96, 68]",6161
M087,Motorcycle,0.9126,DJI_0102_frame_0011.png,"[2068, 1376, 80, 47]",1957
M088,Motorcycle,0.8975,DJI_0103_frame_0081.png,"[2124, 1253, 72, 31]",23638
M089,Motorcycle,0.897,DJI_0103_frame_0069.png,"[2046, 1276, 78, 48]",20967
M090,Motorcycle,0.9092,DJI_0103_frame_0024.png,"[2053, 1337, 78, 48]",11830
M091,Motorcycle,0.9019,DJI_0103_frame_0019.png,"[2072, 1339, 76, 47]",10926
M092,Motorcycle,0.8979,DJI_0103_frame_0033.png,"[2097, 1258, 77, 48]",13557
M093,Motorcycle,0.9004,DJI_0102_frame_0030.png,"[329, 1310, 101, 39]",4691
M094,Motorcycle,0.9082,DJI_0103_frame_0081.png,"[2346, 614, 80, 41]",23634
M095,Motorcycle,0.9102,DJI_0102_frame_0029.png,"[303, 1226, 98, 41]",4566
M096,Motorcycle,0.9038,DJI_0102_frame_0008.png,"[2069, 1394, 76, 48]",1421
M097,Motorcycle,0.9077,DJI_0103_frame_0099.png,"[2095, 1318, 75, 49]",27370
M098,Motorcycle,0.8989,DJI_0102_frame_0030.png,"[78, 1202, 97, 45]",4693
M099,Motorcycle,0.9077,DJI_0103_frame_0028.png,"[2007, 1290, 76, 47]",12618
M100,Motorcycle,0.9023,DJI_0102_frame_0015.png,"[358, 1307, 99, 40]",2609
R001,Rickshaw,0.8965,DJI_0103_frame_0073.png,"[1802, 729, 86, 51]",21879
R002,Rickshaw,0.8887,DJI_0103_frame_0003.png,"[2967, 1320, 120, 66]",7954
R003,Rickshaw,0.9097,DJI_0103_frame_0070.png,"[3529, 1256, 186, 115]",21172
R004,Rickshaw,0.8965,DJI_0403_merged_frame_0050.png,"[2283, 1164, 50, 52]",114705
R005,Rickshaw,0.8906,DJI_0103_frame_0095.png,"[3435, 1400, 132, 62]",26574
R006,Rickshaw,0.897,DJI_0103_frame_0060.png,"[3230, 1518, 109, 55]",19031
R007,Rickshaw,0.8955,DJI_0103_frame_0043.png,"[3246, 1419, 103, 100]",15336
R008,Rickshaw,0.8965,DJI_0403_merged_frame_0055.png,"[1265, 667, 44, 60]",117689
R009,Rickshaw,0.9048,DJI_0103_frame_0090.png,"[3466, 994, 119, 82]",25567
R010,Rickshaw,0.9448,DJI_0102_frame_0027.png,"[2879, 522, 122, 128]",4310
R011,Rickshaw,0.8867,DJI_0266_merged_frame_0057.png,"[2060, 358, 45, 46]",57158
R012,Rickshaw,0.895,DJI_0103_frame_0051.png,"[334, 993, 112, 45]",17013
R013,Rickshaw,0.8843,DJI_0266_merged_frame_0047.png,"[2968, 1214, 73, 35]",51702
R014,Rickshaw,0.9058,DJI_0103_frame_0053.png,"[2967, 1245, 120, 50]",17428
R015,Rickshaw,0.9009,DJI_0103_frame_0074.png,"[3634, 877, 112, 58]",22107
R016,Rickshaw,0.8911,DJI_0403_merged_frame_0050.png,"[2176, 1062, 29, 61]",114706
R017,Rickshaw,0.8975,DJI_0403_merged_frame_0065.png,"[1855, 1655, 42, 54]",124207
R018,Rickshaw,0.8965,DJI_0103_frame_0027.png,"[1702, 778, 118, 49]",12420
R019,Rickshaw,0.8862,DJI_0403_merged_frame_0091.png,"[1143, 913, 34, 59]",135360
R020,Rickshaw,0.9009,DJI_0266_merged_frame_0099.png,"[2212, 329, 43, 50]",79591
R021,Rickshaw,0.8853,DJI_0403_merged_frame_0043.png,"[1455, 681, 66, 49]",111223
R022,Rickshaw,0.8867,DJI_0403_merged_frame_0076.png,"[1688, 349, 29, 64]",129439
R023,Rickshaw,0.8848,DJI_0266_merged_frame_0043.png,"[2306, 650, 34, 50]",49569
R024,Rickshaw,0.8911,DJI_0103_frame_0051.png,"[337, 740, 128, 56]",17015
R025,Rickshaw,0.8896,DJI_0403_merged_frame_0088.png,"[1364, 603, 66, 42]",134305
R026,Rickshaw,0.8911,DJI_0103_frame_0038.png,"[3581, 1288, 81, 99]",14440
R027,Rickshaw,0.8979,DJI_0103_frame_0080.png,"[3596, 1266, 113, 63]",23418
R028,Rickshaw,0.8999,DJI_0102_frame_0046.png,"[2126, 921, 69, 154]",6860
R029,Rickshaw,0.8945,DJI_0103_frame_0052.png,"[852, 724, 121, 55]",17219
R030,Rickshaw,0.8853,DJI_0266_merged_frame_0091.png,"[2409, 575, 41, 59]",74921
R031,Rickshaw,0.8843,DJI_0103_frame_0096.png,"[2843, 1234, 121, 69]",26765
R032,Rickshaw,0.894,DJI_0403_merged_frame_0065.png,"[1896, 1749, 50, 51]",124210
R033,Rickshaw,0.8916,DJI_0403_merged_frame_0017.png,"[1871, 508, 44, 57]",96026
R034,Rickshaw,0.9478,DJI_0102_frame_0026.png,"[2719, 241, 105, 140]",4175
R035,Rickshaw,0.8945,DJI_0103_frame_0017.png,"[3344, 1311, 122, 57]",10572
R036,Rickshaw,0.9312,DJI_0103_frame_0090.png,"[3340, 778, 166, 122]",25559
R037,Rickshaw,0.8901,DJI_0102_frame_0044.png,"[2014, 629, 159, 71]",6589
R038,Rickshaw,0.8896,DJI_0403_merged_frame_0051.png,"[2084, 1376, 39, 60]",115302
R039,Rickshaw,0.9038,DJI_0103_frame_0060.png,"[2838, 1198, 84, 73]",19029
R040,Rickshaw,0.8931,DJI_0103_frame_0029.png,"[2841, 1334, 126, 63]",12814
R041,Rickshaw,0.9204,DJI_0103_frame_0042.png,"[3253, 1432, 103, 103]",15151
R042,Rickshaw,0.8843,DJI_0403_merged_frame_0050.png,"[1382, 268, 34, 58]",114709
R043,Rickshaw,0.9028,DJI_0102_frame_0045.png,"[2175, 1164, 65, 152]",6722
R044,Rickshaw,0.8999,DJI_0103_frame_0073.png,"[3526, 941, 117, 59]",21878
R045,Rickshaw,0.9033,DJI_0103_frame_0089.png,"[2900, 880, 93, 61]",25355
R046,Rickshaw,0.8862,DJI_0102_frame_0037.png,"[2103, 124, 72, 141]",5598
R047,Rickshaw,0.9004,DJI_0103_frame_0052.png,"[984, 785, 118, 57]",17217
R048,Rickshaw,0.8945,DJI_0103_frame_0040.png,"[3424, 1103, 108, 75]",14791
R049,Rickshaw,0.8848,DJI_0403_merged_frame_0049.png,"[1218, 609, 38, 61]",114105
R050,Rickshaw,0.9111,DJI_0103_frame_0004.png,"[2822, 1333, 116, 72]",8143
R051,Rickshaw,0.8872,DJI_0103_frame_0074.png,"[1374, 822, 116, 54]",22119
R052,Rickshaw,0.9165,DJI_0103_frame_0061.png,"[3131, 1381, 125, 67]",19261
R053,Rickshaw,0.8901,DJI_0102_frame_0049.png,"[2040, 112, 71, 137]",7263
R054,Rickshaw,0.8975,DJI_0103_frame_0075.png,"[3656, 959, 120, 54]",22322
R055,Rickshaw,0.9116,DJI_0102_frame_0015.png,"[2780, 143, 110, 150]",2606
R056,Rickshaw,0.895,DJI_0102_frame_0028.png,"[3127, 724, 138, 90]",4444
R057,Rickshaw,0.8916,DJI_0266_merged_frame_0034.png,"[2053, 503, 45, 57]",45174
R058,Rickshaw,0.8892,DJI_0403_merged_frame_0062.png,"[2924, 516, 47, 67]",122359
R059,Rickshaw,0.8853,DJI_0266_merged_frame_0043.png,"[2008, 1301, 47, 44]",49568
R060,Rickshaw,0.8955,DJI_0103_frame_0073.png,"[1882, 823, 94, 46]",21880
R061,Rickshaw,0.9009,DJI_0403_merged_frame_0055.png,"[1260, 417, 36, 62]",117687
R062,Rickshaw,0.8955,DJI_0403_merged_frame_0001.png,"[1921, 543, 48, 58]",89513
R063,Rickshaw,0.9106,DJI_0103_frame_0034.png,"[3362, 1386, 106, 103]",13740
R064,Rickshaw,0.8882,DJI_0103_frame_0069.png,"[2430, 728, 97, 47]",20976
R065,Rickshaw,0.8936,DJI_0103_frame_0095.png,"[3440, 1245, 111, 116]",26572
R066,Rickshaw,0.9136,DJI_0102_frame_0044.png,"[2023, 860, 150, 114]",6585
R067,Rickshaw,0.8892,DJI_0102_frame_0005.png,"[3569, 1583, 94, 68]",827
R068,Rickshaw,0.8892,DJI_0266_merged_frame_0005.png,"[1737, 997, 38, 47]",30051
R069,Rickshaw,0.8926,DJI_0266_merged_frame_0014.png,"[2034, 599, 37, 46]",34273
R070,Rickshaw,0.9043,DJI_0103_frame_0030.png,"[2852, 1324, 124, 64]",13004
R071,Rickshaw,0.8857,DJI_0102_frame_0008.png,"[2877, 1413, 134, 74]",1430
R072,Rickshaw,0.9111,DJI_0103_frame_0054.png,"[2848, 1395, 125, 64]",17665
R073,Rickshaw,0.8882,DJI_0103_frame_0066.png,"[903, 705, 117, 49]",20332
R074,Rickshaw,0.8945,DJI_0403_merged_frame_0051.png,"[1338, 635, 42, 62]",115301
R075,Rickshaw,0.9224,DJI_0102_frame_0016.png,"[2685, 190, 73, 159]",2739
R076,Rickshaw,0.8906,DJI_0266_merged_frame_0024.png,"[2419, 399, 45, 46]",39703
R077,Rickshaw,0.8882,DJI_0102_frame_0005.png,"[3670, 875, 115, 53]",828
R078,Rickshaw,0.8911,DJI_0403_merged_frame_0063.png,"[1340, 248, 34, 56]",123010
R079,Rickshaw,0.8862,DJI_0103_frame_0065.png,"[2240, 1314, 95, 101]",20120
R080,Rickshaw,0.8896,DJI_0266_merged_frame_0099.png,"[1938, 356, 52, 41]",79593
R081,Rickshaw,0.8857,DJI_0102_frame_0026.png,"[2809, 216, 119, 129]",4182
R082,Rickshaw,0.8901,DJI_0103_frame_0058.png,"[3379, 1303, 98, 62]",18607
R083,Rickshaw,0.8916,DJI_0103_frame_0040.png,"[2961, 1313, 100, 86]",14794
R084,Rickshaw,0.9229,DJI_0103_frame_0090.png,"[3340, 1488, 107, 103]",25561
R085,Rickshaw,0.8965,DJI_0103_frame_0047.png,"[722, 650, 123, 61]",16170
R086,Rickshaw,0.8901,DJI_0266_merged_frame_0092.png,"[2385, 399, 36, 49]",75496
R087,Rickshaw,0.8843,DJI_0403_merged_frame_0001.png,"[1920, 458, 44, 54]",89516
R088,Rickshaw,0.9121,DJI_0103_frame_0004.png,"[3596, 1075, 120, 90]",8142
R089,Rickshaw,0.8979,DJI_0102_frame_0030.png,"[2706, 519, 82, 167]",4694
R090,Rickshaw,0.9365,DJI_0103_frame_0055.png,"[3366, 1332, 126, 66]",17912
R091,Rickshaw,0.9004,DJI_0102_frame_0004.png,"[3478, 883, 117, 73]",621
R092,Rickshaw,0.9111,DJI_0102_frame_0004.png,"[2822, 1333, 116, 72]",619
R093,Rickshaw,0.8848,DJI_0403_merged_frame_0049.png,"[1760, 298, 47, 67]",114106
R094,Rickshaw,0.8862,DJI_0403_merged_frame_0014.png,"[1703, 189, 42, 61]",94667
R095,Rickshaw,0.8853,DJI_0403_merged_frame_0062.png,"[2179, 739, 41, 68]",122361
R096,Rickshaw,0.8921,DJI_0403_merged_frame_0026.png,"[1563, 69, 42, 69]",101013
R097,Rickshaw,0.9023,DJI_0103_frame_0036.png,"[3707, 1064, 125, 91]",14075
R098,Rickshaw,0.8896,DJI_0403_merged_frame_0043.png,"[1234, 741, 48, 59]",111221
R099,Rickshaw,0.8945,DJI_0103_frame_0060.png,"[3490, 1315, 102, 93]",19033
R100,Rickshaw,0.9082,DJI_0103_frame_0033.png,"[3333, 1377, 106, 105]",13555
